Dish ID,Ingredient Name,Mass (g),Carbs (g),Glycemic Index,Glycemic Load
dish_1550705288,potatoes,100,17,70,11.9
dish_1550705477,potatoes,100,17,70,11.9
dish_1550705504,potatoes,100,17,70,11.9
dish_1550705888,potatoes,93,15.81,70,11.067
dish_1550706945,potatoes,118,20.06,70,14.042
dish_1550707110,potatoes,118,20.06,70,14.042
dish_1550707156,potatoes,118,20.06,70,14.042
dish_1550707357,oatmeal,136,16.32,60,9.792
dish_1550711187,potatoes,82,13.94,70,9.758
dish_1550711244,oatmeal,174,20.88,60,12.528
dish_1550711314,potatoes,82,13.94,70,9.758
dish_1550711314,oatmeal,174,20.88,60,12.528
dish_1550711385,potatoes,82,13.94,70,9.758
dish_1550711385,oatmeal,174,20.88,60,12.528
dish_1550772199,potatoes,79,13.43,70,9.401
dish_1550772270,potatoes,79,13.43,70,9.401
dish_1550772314,potatoes,79,13.43,70,9.401
dish_1550778583,potatoes,88,14.96,70,10.472
dish_1550785808,white rice,81,22.68,70,15.876
dish_1550785915,white rice,81,22.68,70,15.876
dish_1550785975,white rice,81,22.68,70,15.876
dish_1550789814,white rice,82,22.96,70,16.072
dish_1550789860,white rice,82,22.96,70,16.072
dish_1550790042,white rice,82,22.96,70,16.072
dish_1550791822,white rice,96,26.88,70,18.816
dish_1550791884,white rice,96,26.88,70,18.816
dish_1550791942,white rice,96,26.88,70,18.816
dish_1550793093,white rice,71,19.88,70,13.916
dish_1550793245,white rice,71,19.88,70,13.916
dish_1550793300,white rice,71,19.88,70,13.916
dish_1550793582,white rice,52,14.56,70,10.192
dish_1550793621,white rice,52,14.56,70,10.192
dish_1550793673,white rice,52,14.56,70,10.192
dish_1550795331,apple,282,39.48,36,14.2128
dish_1550795455,apple,282,39.48,36,14.2128
dish_1550795497,apple,282,39.48,36,14.2128
dish_1550860361,potatoes,100,17,70,11.9
dish_1550860444,potatoes,100,17,70,11.9
dish_1550860513,potatoes,100,17,70,11.9
dish_1551122795,oatmeal,129,15.48,60,9.288
dish_1551122914,oatmeal,129,15.48,60,9.288
dish_1551122952,oatmeal,129,15.48,60,9.288
dish_1551224647,apple,252,35.28,36,12.7008
dish_1551224787,apple,252,35.28,36,12.7008
dish_1551224833,apple,252,35.28,36,12.7008
dish_1551303285,white rice,61,17.08,70,11.956
dish_1551304854,oatmeal,134,16.08,60,9.648
dish_1551305410,white rice,62,17.36,70,12.152
dish_1551316737,white rice,70,19.6,70,13.72
dish_1551317449,white rice,50,14,70,9.8
dish_1551322988,white rice,74,20.72,70,14.504
dish_1551323035,white rice,74,20.72,70,14.504
dish_1551323073,white rice,74,20.72,70,14.504
dish_1551374189,white rice,73,20.44,70,14.308
dish_1551375933,white rice,55,15.4,70,10.78
dish_1551381990,asparagus,3324,129.636,15,19.4454
dish_1551382149,asparagus,3324,129.636,15,19.4454
dish_1551382179,asparagus,3324,129.636,15,19.4454
dish_1551393069,white rice,63,17.64,70,12.348
dish_1551567508,olives,7974,502.362,15,75.3543
dish_1556575273,brussels sprouts,64,5.76,15,0.864
dish_1556575327,brussels sprouts,64,5.76,15,0.864
dish_1556575499,brussels sprouts,64,5.76,15,0.864
dish_1556575558,brussels sprouts,64,5.76,15,0.864
dish_1557853314,yam,93,27.342,70,19.139
dish_1557853314,yam,93,27.342,70,19.1394
dish_1557853429,strawberries,57,4.56,25,1.14
dish_1557853429,yam,93,27.342,70,19.139
dish_1557853429,yam,93,27.342,70,19.1394
dish_1557861837,eggplant,53,3.127,20,0.625
dish_1557936599,broccoli,63,4.41,15,0.662
dish_1557937037,raspberries,49,5.88,25,1.47
dish_1557937157,broccoli,63,4.41,15,0.662
dish_1557937157,strawberries,36,2.88,25,0.72
dish_1557937157,raspberries,49,5.88,25,1.47
dish_1557937335,yam,38,11.172,70,7.82
dish_1557937715,raspberries,39,4.68,25,1.17
dish_1557937758,raspberries,39,4.68,25,1.17
dish_1557937758,yam,38,11.172,70,7.82
dish_1558026623,honeydew melons,83,7.47,65,4.856
dish_1558026684,cantaloupe,71,5.68,65,3.692
dish_1558026756,cantaloupe,71,5.68,65,3.692
dish_1558026756,honeydew melons,83,7.47,65,4.856
dish_1558027057,yam,65,19.11,70,13.377
dish_1558027243,yam,65,19.11,70,13.377
dish_1558028194,potatoes,71,12.07,70,8.449
dish_1558028772,cantaloupe,61,4.88,65,3.172
dish_1558028772,honeydew melons,66,5.94,65,3.861
dish_1558029148,honeydew melons,108,9.72,65,6.318
dish_1558029230,potatoes,115,19.55,70,13.685
dish_1558029324,honeydew melons,108,9.72,65,6.318
dish_1558029324,potatoes,115,19.55,70,13.685
dish_1558029518,yam,111,32.634,70,22.8438
dish_1558029518,yam,111,32.634,70,22.844
dish_1558029842,cantaloupe,67,5.36,65,3.484
dish_1558029923,cantaloupe,67,5.36,65,3.484
dish_1558029923,yam,111,32.634,70,22.8438
dish_1558029923,yam,111,32.634,70,22.844
dish_1558030182,potatoes,88,14.96,70,10.472
dish_1558030435,honeydew melons,107,9.63,65,6.26
dish_1558030435,potatoes,88,14.96,70,10.472
dish_1558030832,yam,72,21.168,70,14.8176
dish_1558031019,honeydew melons,49,4.41,65,2.867
dish_1558031019,yam,72,21.168,70,14.818
dish_1558031133,yam,110,32.34,70,22.638
dish_1558031394,cantaloupe,93,7.44,65,4.836
dish_1558031394,potatoes,74,12.58,70,8.806
dish_1558031394,yam,110,32.34,70,22.638
dish_1558031526,yam,62,18.228,70,12.7596
dish_1558031675,cantaloupe,92,7.36,65,4.784
dish_1558031675,yam,62,18.228,70,12.7596
dish_1558031675,yam,62,18.228,70,12.76
dish_1558109864,almonds,37,8.399,15,1.26
dish_1558109907,grapes,63,11.34,56,6.35
dish_1558110436,yam,69,20.286,70,14.2002
dish_1558110478,berries,51,7.14,35,2.499
dish_1558110478,yam,69,20.286,70,14.2
dish_1558110478,yam,69,20.286,70,14.2002
dish_1558113255,cantaloupe,90,7.2,65,4.68
dish_1558113304,almonds,31,7.037,15,1.056
dish_1558113304,cantaloupe,90,7.2,65,4.68
dish_1558113304,grapes,54,9.72,56,5.443
dish_1558113477,almonds,50,11.35,15,1.703
dish_1558113941,almonds,50,11.35,15,1.703
dish_1558114145,grapes,83,14.94,56,8.366
dish_1558114209,cantaloupe,90,7.2,65,4.68
dish_1558114284,cantaloupe,90,7.2,65,4.68
dish_1558114284,grapes,83,14.94,56,8.366
dish_1558114523,almonds,18,4.086,15,0.613
dish_1558114569,grapes,39,7.02,56,3.931
dish_1558114609,almonds,18,4.086,15,0.613
dish_1558114609,grapes,39,7.02,56,3.931
dish_1558115047,almonds,20,4.54,15,0.681
dish_1558115241,potatoes,111,18.87,70,13.209
dish_1558115364,almonds,30,6.81,15,1.021
dish_1558115364,potatoes,111,18.87,70,13.209
dish_1558115448,grapes,94,16.92,56,9.4752
dish_1558115601,potatoes,111,18.87,70,13.209
dish_1558115641,grapes,94,16.92,56,9.475
dish_1558115641,grapes,94,16.92,56,9.4752
dish_1558115641,potatoes,111,18.87,70,13.209
dish_1558116001,almonds,23,5.221,15,0.783
dish_1558116001,potatoes,51,8.67,70,6.069
dish_1558116001,grapes,62,11.16,56,6.25
dish_1558116146,grapes,111,19.98,56,11.1888
dish_1558116146,grapes,111,19.98,56,11.189
dish_1558116298,almonds,75,17.025,15,2.554
dish_1558116298,cantaloupe,91,7.28,65,4.732
dish_1558116298,grapes,111,19.98,56,11.1888
dish_1558116298,grapes,111,19.98,56,11.189
dish_1558122740,grapes,57,10.26,56,5.746
dish_1558122740,potatoes,61,10.37,70,7.259
dish_1558372771,almonds,42,9.534,15,1.43
dish_1558372771,grapes,83,14.94,56,8.366
dish_1558373352,grapes,100,18,56,10.08
dish_1558373492,grapes,100,18,56,10.08
dish_1558375886,almonds,119,27.013,15,4.052
dish_1558375886,grapes,66,11.88,56,6.653
dish_1558376483,almonds,52,11.804,15,1.771
dish_1558376483,cantaloupe,39,3.12,65,2.028
dish_1558376483,grapes,71,12.78,56,7.157
dish_1558376984,almonds,58,13.166,15,1.975
dish_1558376984,grapes,74,13.32,56,7.459
dish_1558378516,grapes,134,24.12,56,13.5072
dish_1558378634,grapes,134,24.12,56,13.5072
dish_1558379391,almonds,56,12.712,15,1.907
dish_1558379391,cantaloupe,48,3.84,65,2.496
dish_1558379391,grapes,53,9.54,56,5.342
dish_1558379876,almonds,119,27.013,15,4.052
dish_1558380014,grapes,134,24.12,56,13.5072
dish_1558380181,almonds,36,8.172,15,1.226
dish_1558380181,grapes,134,24.12,56,13.507
dish_1558380557,almonds,48,10.896,15,1.634
dish_1558380557,grapes,52,9.36,56,5.242
dish_1558381206,almonds,20,4.54,15,0.681
dish_1558381206,grapes,53,9.54,56,5.342
dish_1558381708,green beans,53,3.71,30,1.113
dish_1558382263,olives,68,4.284,15,0.643
dish_1558382263,green beans,53,3.71,30,1.113
dish_1558382263,tomatoes,65,4.42,30,1.326
dish_1558457415,sweet potato,80,14.4,70,10.08
dish_1558457665,sweet potato,80,14.4,70,10.08
dish_1558458584,almonds,51,11.577,15,1.737
dish_1558458584,grapes,77,13.86,56,7.762
dish_1558459115,almonds,20,4.54,15,0.681
dish_1558459115,cherry tomatoes,61,2.379,30,0.714
dish_1558459115,grapes,42,7.56,56,4.234
dish_1558459115,white rice,32,8.96,70,6.272
dish_1558459115,apple,143,20.02,36,7.207
dish_1558459276,white rice,79,22.12,70,15.484
dish_1558459528,cherry tomatoes,64,2.496,30,0.749
dish_1558459664,cherry tomatoes,64,2.496,30,0.749
dish_1558459664,almonds,36,8.172,15,1.226
dish_1558459664,grapes,85,15.3,56,8.568
dish_1558459664,white rice,79,22.12,70,15.484
dish_1558460908,cherry tomatoes,56,2.184,30,0.655
dish_1558460908,apple,142,19.88,36,7.157
dish_1558460908,grapes,96,17.28,56,9.6768
dish_1558460908,grapes,96,17.28,56,9.677
dish_1558461607,grapes,127,22.86,56,12.8016
dish_1558461792,cherry tomatoes,61,2.379,30,0.714
dish_1558461792,almonds,40,9.08,15,1.362
dish_1558461792,grapes,127,22.86,56,12.8016
dish_1558461792,grapes,127,22.86,56,12.802
dish_1558468435,broccoli,80,5.6,15,0.84
dish_1558544482,berries,67,9.38,35,3.283
dish_1558544663,oatmeal,208,24.96,60,14.976
dish_1558544870,berries,67,9.38,35,3.283
dish_1558546918,white rice,54,15.12,70,10.584
dish_1558547008,potatoes,96,16.32,70,11.424
dish_1558547205,almonds,25,5.675,15,0.851
dish_1558547205,white rice,54,15.12,70,10.584
dish_1558547205,white rice,54,15.12,70,10.584
dish_1558547205,potatoes,96,16.32,70,11.424
dish_1558548666,white rice,75,21,70,14.7
dish_1558549008,cherry tomatoes,115,4.485,30,1.346
dish_1558549086,potatoes,95,16.15,70,11.305
dish_1558549214,cherry tomatoes,115,4.485,30,1.346
dish_1558549214,grapes,66,11.88,56,6.653
dish_1558549214,potatoes,95,16.15,70,11.305
dish_1558549214,white rice,75,21,70,14.7
dish_1558549605,white rice,75,21,70,14.7
dish_1558549806,almonds,118,26.786,15,4.018
dish_1558549806,white rice,75,21,70,14.7
dish_1558550218,almonds,22,4.994,15,0.749
dish_1558550218,grapes,42,7.56,56,4.234
dish_1558550218,apple,142,19.88,36,7.157
dish_1558628515,berries,56,7.84,35,2.744
dish_1558628711,yam,64.5,18.963,70,13.2741
dish_1558628760,berries,56,7.84,35,2.744
dish_1558628760,sweet potato,64.5,11.61,70,8.127
dish_1558628760,yam,64.5,18.963,70,13.274
dish_1558628760,yam,64.5,18.963,70,13.2741
dish_1558628921,carrot,60,6,30,1.8
dish_1558629013,strawberries,80,6.4,25,1.6
dish_1558629041,strawberries,80,6.4,25,1.6
dish_1558629041,carrot,60,6,30,1.8
dish_1558629517,tomatoes,64,4.352,30,1.306
dish_1558629517,almonds,39,8.853,15,1.328
dish_1558629578,cauliflower,90,4.5,15,0.675
dish_1558629715,cauliflower,90,4.5,15,0.675
dish_1558629715,apple,142,19.88,36,7.157
dish_1558630325,almonds,116,26.332,15,3.95
dish_1558630325,apple,142,19.88,36,7.157
dish_1558630450,grapes,125,22.5,56,12.6
dish_1558630649,cantaloupe,88,7.04,65,4.576
dish_1558630649,apple,142,19.88,36,7.157
dish_1558630649,grapes,125,22.5,56,12.6
dish_1558630932,cauliflower,89,4.45,15,0.668
dish_1558630932,almonds,34,7.718,15,1.158
dish_1558630932,apple,142,19.88,36,7.157
dish_1558631825,corn on the cob,112,24.64,48,11.827
dish_1558631825,corn on the cob,112,24.64,48,11.8272
dish_1558631932,corn on the cob,112,24.64,48,11.8272
dish_1558632233,cantaloupe,99,7.92,65,5.148
dish_1558632233,corn on the cob,68,14.96,48,7.181
dish_1558632475,corn on the cob,112,24.64,48,11.8272
dish_1558633221,cauliflower,101,5.05,15,0.758
dish_1558633221,cherry tomatoes,89,3.471,30,1.041
dish_1558633221,corn on the cob,19,4.18,48,2.006
dish_1558633221,carrot,85,8.5,30,2.55
dish_1558633221,apple,155,21.7,36,7.812
dish_1558635618,cauliflower,100,5,15,0.75
dish_1558635618,apple,117,16.38,36,5.897
dish_1558635618,corn on the cob,74,16.28,48,7.814
dish_1558635618,white rice,43,12.04,70,8.428
dish_1558635994,grapes,136,24.48,56,13.7088
dish_1558636028,corn on the cob,19,4.18,48,2.006
dish_1558636028,cantaloupe,98,7.84,65,5.096
dish_1558636028,grapes,136,24.48,56,13.7088
dish_1558636028,grapes,136,24.48,56,13.709
dish_1558636582,cauliflower,96,4.8,15,0.72
dish_1558636582,cherry tomatoes,89,3.471,30,1.041
dish_1558636582,almonds,71,16.117,15,2.418
dish_1558636582,apple,154,21.56,36,7.762
dish_1558636928,cherry tomatoes,89,3.471,30,1.041
dish_1558636980,cherry tomatoes,89,3.471,30,1.041
dish_1558636980,carrot,95,9.5,30,2.85
dish_1558636980,apple,117,16.38,36,5.897
dish_1558636980,grapes,88,15.84,56,8.87
dish_1558637247,corn on the cob,111,24.42,48,11.7216
dish_1558637423,grapes,16,2.88,56,1.613
dish_1558637423,almonds,128,29.056,15,4.358
dish_1558637423,apple,154,21.56,36,7.762
dish_1558637423,corn on the cob,111,24.42,48,11.7216
dish_1558637423,corn on the cob,111,24.42,48,11.722
dish_1558637896,grapes,123,22.14,56,12.3984
dish_1558637932,corn on the cob,67,14.74,48,7.075
dish_1558637932,apple,154,21.56,36,7.762
dish_1558637932,grapes,123,22.14,56,12.398
dish_1558637932,grapes,123,22.14,56,12.3984
dish_1558638163,carrot,99,9.9,30,2.97
dish_1558638292,carrot,99,9.9,30,2.97
dish_1558638292,cantaloupe,97,7.76,65,5.044
dish_1558638292,apple,117,16.38,36,5.897
dish_1558638292,white rice,43,12.04,70,8.428
dish_1558638954,grapes,129,23.22,56,13.0032
dish_1558639012,grapes,129,23.22,56,13.0032
dish_1558639045,corn on the cob,110,24.2,48,11.616
dish_1558639195,carrot,54,5.4,30,1.62
dish_1558639195,grapes,28,5.04,56,2.822
dish_1558639195,apple,154,21.56,36,7.762
dish_1558639195,corn on the cob,110,24.2,48,11.616
dish_1558639362,cauliflower,98,4.9,15,0.735
dish_1558639362,carrot,99,9.9,30,2.97
dish_1558639362,corn on the cob,29,6.38,48,3.062
dish_1558639362,apple,116,16.24,36,5.846
dish_1558639555,carrot,78,7.8,30,2.34
dish_1558639555,corn on the cob,29,6.38,48,3.062
dish_1558639555,cantaloupe,97,7.76,65,5.044
dish_1558639555,apple,116,16.24,36,5.846
dish_1558639630,corn on the cob,110,24.2,48,11.616
dish_1558639752,almonds,21,4.767,15,0.715
dish_1558639752,cherry tomatoes,89,3.471,30,1.041
dish_1558639752,corn on the cob,110,24.2,48,11.616
dish_1558639876,cauliflower,99,4.95,15,0.743
dish_1558639876,carrot,57,5.7,30,1.71
dish_1558639876,cantaloupe,59,4.72,65,3.068
dish_1558640008,cherry tomatoes,58,2.262,30,0.679
dish_1558640008,almonds,90,20.43,15,3.065
dish_1558640008,cantaloupe,64,5.12,65,3.328
dish_1558640145,carrot,98,9.8,30,2.94
dish_1558640145,apple,116,16.24,36,5.846
dish_1558640145,corn on the cob,73,16.06,48,7.709
dish_1558640294,cherry tomatoes,126,4.914,30,1.474
dish_1558640294,cantaloupe,58,4.64,65,3.016
dish_1558640373,cherry tomatoes,126,4.914,30,1.474
dish_1558640373,cantaloupe,58,4.64,65,3.016
dish_1558640373,grapes,92,16.56,56,9.274
dish_1558640513,carrot,35,3.5,30,1.05
dish_1558640513,corn on the cob,56,12.32,48,5.914
dish_1558640513,apple,154,21.56,36,7.762
dish_1558640705,cantaloupe,95,7.6,65,4.94
dish_1558640705,apple,116,16.24,36,5.846
dish_1558640849,carrot,26,2.6,30,0.78
dish_1558640849,apple,154,21.56,36,7.762
dish_1558640979,carrot,53,5.3,30,1.59
dish_1558640979,cantaloupe,95,7.6,65,4.94
dish_1558641253,corn on the cob,110,24.2,48,11.616
dish_1558641320,cherry tomatoes,64,2.496,30,0.749
dish_1558641320,apple,154,21.56,36,7.762
dish_1558641320,corn on the cob,110,24.2,48,11.616
dish_1558641442,cauliflower,97,4.85,15,0.728
dish_1558641442,cantaloupe,58,4.64,65,3.016
dish_1558641442,corn on the cob,56,12.32,48,5.914
dish_1558641897,corn on the cob,110,24.2,48,11.616
dish_1558642021,corn on the cob,110,24.2,48,11.616
dish_1558642490,cauliflower,92,4.6,15,0.69
dish_1558642490,carrot,95,9.5,30,2.85
dish_1558717969,corn on the cob,90,19.8,48,9.504
dish_1558718088,corn on the cob,90,19.8,48,9.504
dish_1558718610,corn on the cob,107,23.54,48,11.2992
dish_1558718906,almonds,23,5.221,15,0.783
dish_1558718906,cantaloupe,76,6.08,65,3.952
dish_1558718906,corn on the cob,107,23.54,48,11.299
dish_1558718906,corn on the cob,107,23.54,48,11.2992
dish_1558719145,cherry tomatoes,107,4.173,30,1.252
dish_1558719145,almonds,73,16.571,15,2.486
dish_1558719145,cantaloupe,94,7.52,65,4.888
dish_1558719145,apple,142,19.88,36,7.157
dish_1558719298,almonds,46,10.442,15,1.566
dish_1558719514,cauliflower,97,4.85,15,0.728
dish_1558719514,cherry tomatoes,96,3.744,30,1.123
dish_1558719514,almonds,46,10.442,15,1.566
dish_1558719514,corn on the cob,49,10.78,48,5.174
dish_1558719514,apple,142,19.88,36,7.157
dish_1558720236,carrot,74,7.4,30,2.22
dish_1558720236,almonds,133,30.191,15,4.529
dish_1558720236,apple,143,20.02,36,7.207
dish_1558720396,corn on the cob,90,19.8,48,9.504
dish_1558720427,corn on the cob,90,19.8,48,9.504
dish_1558721380,cherry tomatoes,107,4.173,30,1.252
dish_1558721587,corn on the cob,90,19.8,48,9.504
dish_1558721636,cherry tomatoes,62,2.418,30,0.725
dish_1558721636,carrot,92,9.2,30,2.76
dish_1558721636,cantaloupe,55,4.4,65,2.86
dish_1558721636,corn on the cob,90,19.8,48,9.504
dish_1558721827,cauliflower,97,4.85,15,0.728
dish_1558721827,cantaloupe,56,4.48,65,2.912
dish_1558721827,almonds,133,30.191,15,4.529
dish_1558721827,apple,143,20.02,36,7.207
dish_1558722103,cherry tomatoes,62,2.418,30,0.725
dish_1558722103,almonds,31,7.037,15,1.056
dish_1558722103,cantaloupe,79,6.32,65,4.108
dish_1558722103,apple,143,20.02,36,7.207
dish_1558722125,almonds,86,19.522,15,2.928
dish_1558722247,cauliflower,97,4.85,15,0.728
dish_1558722247,almonds,86,19.522,15,2.928
dish_1558722247,apple,160,22.4,36,8.064
dish_1558722473,carrot,92,9.2,30,2.76
dish_1558722473,apple,161,22.54,36,8.114
dish_1558722685,cantaloupe,76,6.08,65,3.952
dish_1558722707,cherry tomatoes,107,4.173,30,1.252
dish_1558722780,cherry tomatoes,107,4.173,30,1.252
dish_1558722780,carrot,75,7.5,30,2.25
dish_1558722780,cantaloupe,76,6.08,65,3.952
dish_1558722780,corn on the cob,49,10.78,48,5.174
dish_1558722906,corn on the cob,90,19.8,48,9.504
dish_1558722968,cherry tomatoes,58,2.262,30,0.679
dish_1558722968,almonds,76,17.252,15,2.588
dish_1558722968,corn on the cob,90,19.8,48,9.504
dish_1558723073,cherry tomatoes,90,3.51,30,1.053
dish_1558723449,apple,143,20.02,36,7.207
dish_1558723512,carrot,39,3.9,30,1.17
dish_1558723568,carrot,39,3.9,30,1.17
dish_1558723568,cantaloupe,67,5.36,65,3.484
dish_1558723568,corn on the cob,49,10.78,48,5.174
dish_1558723568,apple,143,20.02,36,7.207
dish_1558723695,corn on the cob,90,19.8,48,9.504
dish_1558723742,corn on the cob,90,19.8,48,9.504
dish_1558723818,corn on the cob,107,23.54,48,11.2992
dish_1558723894,almonds,96,21.792,15,3.269
dish_1558723894,apple,143,20.02,36,7.207
dish_1558723894,corn on the cob,107,23.54,48,11.299
dish_1558723894,corn on the cob,107,23.54,48,11.2992
dish_1558724031,cherry tomatoes,107,4.173,30,1.252
dish_1558724031,almonds,51,11.577,15,1.737
dish_1558724031,cantaloupe,93,7.44,65,4.836
dish_1558724574,brussels sprouts,118,10.62,15,1.593
dish_1558724607,honeydew melons,152,13.68,65,8.892
dish_1558724633,broccoli,94,6.58,15,0.987
dish_1558724658,broccoli,94,6.58,15,0.987
dish_1558724658,brussels sprouts,118,10.62,15,1.593
dish_1558724658,honeydew melons,152,13.68,65,8.892
dish_1558724799,broccoli,112,7.84,15,1.176
dish_1558724799,apple,161,22.54,36,8.114
dish_1558724959,brussels sprouts,118,10.62,15,1.593
dish_1558724959,carrot,75,7.5,30,2.25
dish_1558724959,almonds,72,16.344,15,2.452
dish_1558724959,apple,161,22.54,36,8.114
dish_1558725112,brussels sprouts,100,9,15,1.35
dish_1558725112,almonds,79,17.933,15,2.69
dish_1558725112,honeydew melons,151,13.59,65,8.834
dish_1558725786,corn on the cob,107,23.54,48,11.2992
dish_1558725829,corn on the cob,107,23.54,48,11.2992
dish_1559059992,sweet potato,94,16.92,70,11.844
dish_1559060106,strawberries,81,6.48,25,1.62
dish_1559060106,sweet potato,94,16.92,70,11.844
dish_1559062051,sweet potato,74,13.32,70,9.324
dish_1559062082,watermelon,83,6.308,75,4.731
dish_1559062082,sweet potato,74,13.32,70,9.324
dish_1559149719,carrot,64,6.4,30,1.92
dish_1559158354,broccoli,60,4.2,15,0.63
dish_1559233570,strawberries,51,4.08,25,1.02
dish_1559233715,sweet potato,110,19.8,70,13.86
dish_1559233756,strawberries,51,4.08,25,1.02
dish_1559233756,pineapple,49,6.37,66,4.204
dish_1559233756,sweet potato,110,19.8,70,13.86
dish_1559235639,strawberries,103,8.24,25,2.06
dish_1559235771,bagels,43.200001,21.16800049,69,14.60592034
dish_1559235771,bagels,43.200001,21.16800049,69,14.606
dish_1559235815,strawberries,103,8.24,25,2.06
dish_1559235815,bagels,43.200001,21.16800049,69,14.60592034
dish_1559235815,bagels,43.200001,21.16800049,69,14.606
dish_1559238566,berries,109,15.26,35,5.341
dish_1559243974,carrot,52.24892,5.224892,30,1.567
dish_1559243974,almonds,50,11.35,15,1.703
dish_1559243974,pears,203,30.856,30,9.257
dish_1559244598,cookies,51,33.15,70,23.205
dish_1559319971,sweet potato,96,17.28,70,12.096
dish_1559320019,sweet potato,96,17.28,70,12.096
dish_1559578579,strawberries,55,4.4,25,1.1
dish_1559578599,sweet potato,115,20.7,70,14.49
dish_1559581356,broccoli,60,4.2,15,0.63
dish_1559589942,pizza,103,33.99,80,27.192
dish_1559590202,couscous,77,17.71,60,10.626
dish_1559593794,quinoa,20.438606,4.29210726,35,1.502
dish_1559667948,bagels,45.600002,22.34400098,69,15.417
dish_1559667948,bagels,45.600002,22.34400098,69,15.41736068
dish_1559667973,bagels,45.600002,22.34400098,69,15.41736068
dish_1559674074,pizza,53,17.49,80,13.992
dish_1559674074,pizza,53,17.49,80,13.992
dish_1559674689,honeydew melons,177,15.93,65,10.3545
dish_1559674781,grapes,26,4.68,56,2.621
dish_1559674781,honeydew melons,177,15.93,65,10.3545
dish_1559674781,honeydew melons,177,15.93,65,10.355
dish_1559674866,grapes,26,4.68,56,2.621
dish_1559674866,honeydew melons,177,15.93,65,10.3545
dish_1559674866,honeydew melons,177,15.93,65,10.355
dish_1559675268,cherry tomatoes,55,2.145,30,0.644
dish_1559678457,broccoli,65,4.55,15,0.683
dish_1559678457,millet,17.410118,4.126197966,70,2.888
dish_1559678457,wheat berry,79,15.089,30,4.527
dish_1559678651,white rice,9.838586,2.75480408,70,1.928
dish_1559751458,yam,123,36.162,70,25.3134
dish_1559751552,berries,131,18.34,35,6.419
dish_1559751552,yam,123,36.162,70,25.313
dish_1559751552,yam,123,36.162,70,25.3134
dish_1559751775,yam,66,19.404,70,13.5828
dish_1559751801,berries,66,9.24,35,3.234
dish_1559751801,yam,66,19.404,70,13.5828
dish_1559751801,yam,66,19.404,70,13.583
dish_1559838402,berries,106,14.84,35,5.194
dish_1559838402,sweet potato,59.5,10.71,70,7.497
dish_1559838402,yam,59.5,17.493,70,12.245
dish_1559838402,yam,59.5,17.493,70,12.2451
dish_1559841127,blackberries,53,4.876,25,1.219
dish_1559841127,sweet potato,33.5,6.03,70,4.221
dish_1559841127,yam,33.5,9.849,70,6.894
dish_1559841571,cereal,5,3.65,70,2.555
dish_1559841781,cereal,5,3.65,70,2.555
dish_1559841781,grapes,38,6.84,56,3.83
dish_1559841808,cereal,5,3.65,70,2.555
dish_1559841808,mandarin oranges,53,6.89,47,3.238
dish_1559841808,grapes,38,6.84,56,3.83
dish_1559841908,grapes,71,12.78,56,7.157
dish_1559841908,pears,201,30.552,30,9.166
dish_1559842047,mandarin oranges,53,6.89,47,3.238
dish_1559842047,pears,200,30.4,30,9.12
dish_1559842409,strawberries,42,3.36,25,0.84
dish_1559842409,almonds,53,12.031,15,1.805
dish_1559842409,mandarin oranges,53,6.89,47,3.238
dish_1559843222,strawberries,77,6.16,25,1.54
dish_1559843222,mandarin oranges,53,6.89,47,3.238
dish_1559843222,grapes,68,12.24,56,6.854
dish_1559843690,strawberries,77,6.16,25,1.54
dish_1559843690,potatoes,39,6.63,70,4.641
dish_1559843715,strawberries,77,6.16,25,1.54
dish_1559843715,potatoes,39,6.63,70,4.641
dish_1559843715,pears,200,30.4,30,9.12
dish_1559844090,strawberries,77,6.16,25,1.54
dish_1559844090,mandarin oranges,54,7.02,47,3.299
dish_1559844090,pears,200,30.4,30,9.12
dish_1559844113,almonds,25,5.675,15,0.851
dish_1559844113,strawberries,77,6.16,25,1.54
dish_1559844113,mandarin oranges,54,7.02,47,3.299
dish_1559844113,pears,200,30.4,30,9.12
dish_1559844366,almonds,80,18.16,15,2.724
dish_1559844366,grapes,81,14.58,56,8.165
dish_1559844506,strawberries,47,3.76,25,0.94
dish_1559844506,mandarin oranges,52,6.76,47,3.177
dish_1559844506,grapes,81,14.58,56,8.165
dish_1559844657,grapes,81,14.58,56,8.165
dish_1559844657,potatoes,86,14.62,70,10.234
dish_1559844683,grapes,81,14.58,56,8.165
dish_1559844683,potatoes,86,14.62,70,10.234
dish_1559844928,potatoes,86,14.62,70,10.234
dish_1559844951,potatoes,86,14.62,70,10.234
dish_1559845018,almonds,36,8.172,15,1.226
dish_1559845018,mandarin oranges,53,6.89,47,3.238
dish_1559845018,potatoes,86,14.62,70,10.234
dish_1559845046,almonds,36,8.172,15,1.226
dish_1559845046,mandarin oranges,53,6.89,47,3.238
dish_1559845046,potatoes,86,14.62,70,10.234
dish_1559845290,potatoes,86,14.62,70,10.234
dish_1559845370,potatoes,86,14.62,70,10.234
dish_1559845399,potatoes,86,14.62,70,10.234
dish_1559845513,strawberries,39,3.12,25,0.78
dish_1559845513,mandarin oranges,53,6.89,47,3.238
dish_1559845513,pears,201,30.552,30,9.166
dish_1559845513,potatoes,86,14.62,70,10.234
dish_1559845637,potatoes,121,20.57,70,14.399
dish_1559845745,potatoes,121,20.57,70,14.399
dish_1559845767,potatoes,121,20.57,70,14.399
dish_1559846099,almonds,29,6.583,15,0.987
dish_1559846099,mandarin oranges,53,6.89,47,3.238
dish_1559846825,pizza,95,31.35,80,25.08
dish_1559849053,almonds,58,13.166,15,1.975
dish_1559849053,grapes,67,12.06,56,6.754
dish_1559925174,berries,155,21.7,35,7.595
dish_1559933793,brussels sprouts,109.225098,9.83025882,15,1.475
dish_1559933818,brussels sprouts,109.225098,9.83025882,15,1.475
dish_1560203400,pepperoni pizza,104,33.28,80,26.624
dish_1560270537,pineapple,48,6.24,66,4.118
dish_1560270585,watermelon,66,5.016,75,3.762
dish_1560270585,pineapple,48,6.24,66,4.118
dish_1560270630,sweet potato,101,18.18,70,12.726
dish_1560356337,yam,92,27.048,70,18.934
dish_1560356355,yam,92,27.048,70,18.934
dish_1560357792,waffles,50,16.35,75,12.2625
dish_1560357792,waffles,50,16.35,75,12.263
dish_1560360148,bagels,55.200001,27.04800049,69,18.66312034
dish_1560368019,country rice,10.802348,3.413541968,55,1.877
dish_1560368019,pizza,125,41.25,80,33
dish_1560368162,eggplant,53.92157,3.18137263,20,0.636
dish_1560368162,cherry tomatoes,89,3.471,30,1.041
dish_1560368464,brown rice,14.208494,3.26795362,50,1.634
dish_1560368464,honeydew melons,137,12.33,65,8.015
dish_1560368506,brown rice,14.208494,3.26795362,50,1.634
dish_1560368506,country rice,16.125244,5.095577104,55,2.803
dish_1560368506,honeydew melons,137,12.33,65,8.015
dish_1560368990,brown rice,6.795367,1.56293441,50,0.781
dish_1560368990,white rice,41,11.48,70,8.036
dish_1560369273,brown rice,6.280566,1.44453018,50,0.722
dish_1560369273,country rice,25.048923,7.915459668,55,4.354
dish_1560369294,asparagus,121,4.719,15,0.708
dish_1560369294,brown rice,6.280566,1.44453018,50,0.722
dish_1560369294,country rice,25.048923,7.915459668,55,4.354
dish_1560370804,ice cream cones,6,4.74,57,2.702
dish_1560441311,quinoa,21,4.41,35,1.543
dish_1560441311,potatoes,29,4.93,70,3.451
dish_1560441529,cantaloupe,38,3.04,65,1.976
dish_1560441529,watermelon,35,2.66,75,1.995
dish_1560441529,berries,50,7,35,2.45
dish_1560441529,pineapple,29,3.77,66,2.488
dish_1560442279,quinoa,37,7.77,35,2.72
dish_1560442279,berries,147,20.58,35,7.203
dish_1560443437,berries,204,28.56,35,9.996
dish_1560443437,berries,204,28.56,35,9.996
dish_1560443474,pineapple,113,14.69,66,9.6954
dish_1560443474,berries,204,28.56,35,9.996
dish_1560443537,grapes,94,16.92,56,9.4752
dish_1560443537,pineapple,113,14.69,66,9.6954
dish_1560443537,berries,204,28.56,35,9.996
dish_1560443565,grapes,94,16.92,56,9.4752
dish_1560443565,pineapple,113,14.69,66,9.6954
dish_1560443565,berries,204,28.56,35,9.996
dish_1560444592,yam,61,17.934,70,12.5538
dish_1560444616,strawberries,65,5.2,25,1.3
dish_1560444616,yam,61,17.934,70,12.5538
dish_1560444616,yam,61,17.934,70,12.554
dish_1560444637,strawberries,65,5.2,25,1.3
dish_1560444637,yam,61,17.934,70,12.5538
dish_1560444637,yam,61,17.934,70,12.554
dish_1560444701,watermelon,170,12.92,75,9.69
dish_1560444724,watermelon,170,12.92,75,9.69
dish_1560444724,honeydew melons,173,15.57,65,10.1205
dish_1560444724,honeydew melons,173,15.57,65,10.121
dish_1560444756,watermelon,170,12.92,75,9.69
dish_1560444756,honeydew melons,173,15.57,65,10.1205
dish_1560444785,pineapple,75,9.75,66,6.435
dish_1560444785,watermelon,170,12.92,75,9.69
dish_1560444785,honeydew melons,173,15.57,65,10.1205
dish_1560444785,honeydew melons,173,15.57,65,10.121
dish_1560444815,pineapple,75,9.75,66,6.435
dish_1560444815,watermelon,170,12.92,75,9.69
dish_1560444815,honeydew melons,173,15.57,65,10.1205
dish_1560444815,honeydew melons,173,15.57,65,10.121
dish_1560444931,honeydew melons,39,3.51,65,2.282
dish_1560444931,watermelon,76,5.776,75,4.332
dish_1560444931,pineapple,51,6.63,66,4.376
dish_1560454539,wild rice,57,14.25,45,6.413
dish_1560455030,cherry tomatoes,55,2.145,30,0.644
dish_1560455059,cherry tomatoes,55,2.145,30,0.644
dish_1560456370,white rice,37,10.36,70,7.252
dish_1560527105,potatoes,69,11.73,70,8.211
dish_1560527140,potatoes,69,11.73,70,8.211
dish_1560527745,yogurt,149,5.364,35,1.877
dish_1560529825,watermelon,51,3.876,75,2.907
dish_1560529825,berries,66,9.24,35,3.234
dish_1560529844,watermelon,51,3.876,75,2.907
dish_1560529844,berries,66,9.24,35,3.234
dish_1560529844,sweet potato,51,9.18,70,6.426
dish_1560539396,quinoa,20.927153,4.39470213,35,1.538
dish_1560539396,carrot,84.781265,8.4781265,30,2.543
dish_1560539396,roasted potatoes,103,18.54,59,10.939
dish_1560543557,tomatoes,95,6.46,30,1.938
dish_1560787754,berries,61,8.54,35,2.989
dish_1560787781,berries,61,8.54,35,2.989
dish_1560787781,yam,29,8.526,70,5.968
dish_1560787817,berries,61,8.54,35,2.989
dish_1560787817,yam,29,8.526,70,5.968
dish_1560787817,bagels,54.400002,26.65600098,69,18.39264068
dish_1560787817,bagels,54.400002,26.65600098,69,18.393
dish_1560788349,yogurt,134,4.824,35,1.688
dish_1560798656,cheese pizza,108,36.18,80,28.944
dish_1560798707,cheese pizza,108,36.18,80,28.944
dish_1560798744,cheese pizza,108,36.18,80,28.944
dish_1560798785,cauliflower,90,4.5,15,0.675
dish_1560798785,cheese pizza,108,36.18,80,28.944
dish_1560798854,cauliflower,90,4.5,15,0.675
dish_1560798854,raisins,1.584664,1.25188456,66,0.826
dish_1560798854,cheese pizza,108,36.18,80,28.944
dish_1560799113,pizza,37,12.21,80,9.768
dish_1560799277,pizza,37,12.21,80,9.768
dish_1560799558,pizza,74,24.42,80,19.536
dish_1560799615,squash,118.372375,4.02466075,15,0.604
dish_1560799615,pizza,74,24.42,80,19.536
dish_1560800836,pepperoni pizza,170,54.4,80,43.52
dish_1560802853,white rice,19,5.32,70,3.724
dish_1560874726,berries,72,10.08,35,3.528
dish_1560874726,yam,62,18.228,70,12.7596
dish_1560874726,yam,62,18.228,70,12.76
dish_1560874751,berries,72,10.08,35,3.528
dish_1560874751,yam,62,18.228,70,12.7596
dish_1560874751,yam,62,18.228,70,12.76
dish_1560874751,bagels,60,29.4,69,20.286
dish_1560874751,bagels,60,29.4,69,20.286
dish_1560887408,pizza,122,40.26,80,32.208
dish_1560888930,roasted potatoes,34,6.12,59,3.611
dish_1560888930,white rice,34,9.52,70,6.664
dish_1560889008,carrot,82.809608,8.2809608,30,2.484
dish_1560889032,wheat berry,10.60679,2.02589689,30,0.608
dish_1560889032,carrot,82.809608,8.2809608,30,2.484
dish_1560961012,bagels,56.799999,27.83199951,69,19.204
dish_1560961012,bagels,56.799999,27.83199951,69,19.20407966
dish_1560961059,sweet potato,101,18.18,70,12.726
dish_1560961059,sweet potato,101,18.18,70,12.726
dish_1560961059,bagels,56.799999,27.83199951,69,19.204
dish_1560961059,bagels,56.799999,27.83199951,69,19.20407966
dish_1560961107,berries,148,20.72,35,7.252
dish_1560961107,sweet potato,101,18.18,70,12.726
dish_1560961107,sweet potato,101,18.18,70,12.726
dish_1560961107,bagels,56.799999,27.83199951,69,19.204
dish_1560961107,bagels,56.799999,27.83199951,69,19.20407966
dish_1560961261,strawberries,65,5.2,25,1.3
dish_1560961385,sweet potato,75,13.5,70,9.45
dish_1561049409,raspberries,51,6.12,25,1.53
dish_1561060448,cheese pizza,41,13.735,80,10.988
dish_1561060477,cheese pizza,41,13.735,80,10.988
dish_1561060503,pineapple,64,8.32,66,5.491
dish_1561060503,cheese pizza,41,13.735,80,10.988
dish_1561060531,pineapple,64,8.32,66,5.491
dish_1561060531,cheese pizza,41,13.735,80,10.988
dish_1561060558,pineapple,64,8.32,66,5.491
dish_1561060558,cheese pizza,41,13.735,80,10.988
dish_1561060787,brussels sprouts,89.544899,8.05904091,15,1.209
dish_1561062320,brown rice,7.543064,1.73490472,50,0.867
dish_1561062320,bulgur,4.081633,3.10204108,55,1.706
dish_1561062320,pasta,20.339727,5.044252296,50,2.522
dish_1561062320,white rice,57,15.96,70,11.172
dish_1561134156,berries,60,8.4,35,2.94
dish_1561134156,watermelon,81,6.156,75,4.617
dish_1561134156,sweet potato,79,14.22,70,9.954
dish_1561146758,bagels,93,45.57,69,31.4433
dish_1561146781,bagels,93,45.57,69,31.4433
dish_1561148021,white rice,7.614679,2.13211012,70,1.492
dish_1561148021,cheese pizza,51,17.085,80,13.668
dish_1561148042,green beans,29,2.03,30,0.609
dish_1561148042,white rice,7.614679,2.13211012,70,1.492
dish_1561148042,cheese pizza,51,17.085,80,13.668
dish_1561148303,cheese pizza,45,15.075,80,12.06
dish_1561148481,white rice,6.605505,1.8495414,70,1.295
dish_1561148481,cheese pizza,45,15.075,80,12.06
dish_1561392459,strawberries,65,5.2,25,1.3
dish_1561392593,broccoli,68,4.76,15,0.714
dish_1561392593,berries,75,10.5,35,3.675
dish_1561392632,broccoli,68,4.76,15,0.714
dish_1561392632,berries,75,10.5,35,3.675
dish_1561393649,berries,108,15.12,35,5.292
dish_1561393649,pineapple,75,9.75,66,6.435
dish_1561405034,white rice,3.559234,0.99658552,70,0.698
dish_1561405934,carrot,32.532349,3.2532349,30,0.976
dish_1561405934,white rice,6.207967,1.73823076,70,1.217
dish_1561405934,cheese pizza,31,10.385,80,8.308
dish_1561406789,carrot,34.504005,3.4504005,30,1.035
dish_1561406789,white rice,129,36.12,70,25.284
dish_1561406817,carrot,34.504005,3.4504005,30,1.035
dish_1561406817,couscous,79,18.17,60,10.902
dish_1561406817,white rice,129,36.12,70,25.284
dish_1561407312,carrot,29.574862,2.9574862,30,0.887
dish_1561407312,couscous,35,8.05,60,4.83
dish_1561480414,berries,113,15.82,35,5.537
dish_1561480460,pineapple,60,7.8,66,5.148
dish_1561480460,berries,113,15.82,35,5.537
dish_1561481634,yam,87,25.578,70,17.9046
dish_1561481634,yam,87,25.578,70,17.905
dish_1561481673,honeydew melons,96,8.64,65,5.616
dish_1561481673,yam,87,25.578,70,17.9046
dish_1561481673,yam,87,25.578,70,17.905
dish_1561492182,fried rice,128,38.272,80,30.618
dish_1561492519,banana with peel,124,17.856,48,8.571
dish_1561492519,wheat bread,82,34.522,65,22.439
dish_1561492519,wheat bread,82,34.522,65,22.4393
dish_1561492665,country rice,9.706458,3.067240728,55,1.687
dish_1561492687,country rice,9.706458,3.067240728,55,1.687
dish_1561492687,fried rice,15,4.485,80,3.588
dish_1561567086,watermelon,87,6.612,75,4.959
dish_1561567086,yam,94,27.636,70,19.345
dish_1561567086,yam,94,27.636,70,19.3452
dish_1561574623,eggplant,98.039215,5.784313685,20,1.157
dish_1561575908,cheese pizza,40,13.4,80,10.72
dish_1561576212,roasted potatoes,103,18.54,59,10.9386
dish_1561576257,roasted potatoes,103,18.54,59,10.9386
dish_1561577083,cheese pizza,37,12.395,80,9.916
dish_1561577119,cheese pizza,37,12.395,80,9.916
dish_1561577549,pizza,49,16.17,80,12.936
dish_1561578323,cheese pizza,43,14.405,80,11.524
dish_1561578775,cheese pizza,111,37.185,80,29.748
dish_1561662358,corn on the cob,91,20.02,48,9.6096
dish_1561663035,cheese pizza,99,33.165,80,26.532
dish_1561663541,brown rice,112,25.76,50,12.88
dish_1561665671,pizza,40,13.2,80,10.56
dish_1561665706,pizza,40,13.2,80,10.56
dish_1561666761,cheese pizza,43,14.405,80,11.524
dish_1561666794,cheese pizza,43,14.405,80,11.524
dish_1561737776,bagels,111.200005,54.48800245,69,37.59672169
dish_1561737839,berries,370,51.8,35,18.13
dish_1561739188,sweet potato,82,14.76,70,10.332
dish_1561739576,sweet potato,84,15.12,70,10.584
dish_1561739623,sweet potato,84,15.12,70,10.584
dish_1561739930,sweet potato,79,14.22,70,9.954
dish_1561739954,sweet potato,79,14.22,70,9.954
dish_1561739973,sweet potato,79,14.22,70,9.954
dish_1561752680,cheese pizza,175,58.625,80,46.9
dish_1561996401,sweet potato,277,49.86,70,34.902
dish_1561996612,roasted potatoes,89,16.02,59,9.4518
dish_1561996647,roasted potatoes,89,16.02,59,9.4518
dish_1561999706,sweet potato,257,46.26,70,32.382
dish_1562009810,brown rice,108,24.84,50,12.42
dish_1562085604,berries,423,59.22,35,20.727
dish_1562086067,yam,88,25.872,70,18.1104
dish_1562086116,yam,88,25.872,70,18.1104
dish_1562099053,cheese pizza,37,12.395,80,9.916
dish_1562168365,pineapple,140,18.2,66,12.012
dish_1562168399,pineapple,140,18.2,66,12.012
dish_1562173247,chilaquiles,149,17.88,60,10.728
dish_1562173267,chilaquiles,149,17.88,60,10.728
dish_1562611522,cheese pizza,50,16.75,80,13.4
dish_1562611580,pepperoni pizza,50,16,80,12.8
dish_1562617370,pepperoni pizza,55,17.6,80,14.08
dish_1562617395,pepperoni pizza,55,17.6,80,14.08
dish_1562617416,pepperoni pizza,55,17.6,80,14.08
dish_1562617446,pepperoni pizza,55,17.6,80,14.08
dish_1562686548,yam,54,15.876,70,11.1132
dish_1562686577,yam,54,15.876,70,11.1132
dish_1562686577,berries,251,35.14,35,12.299
dish_1562686664,berries,209,29.26,35,10.241
dish_1562691383,yam,70,20.58,70,14.406
dish_1562691409,yam,70,20.58,70,14.406
dish_1562699699,millet,11.606745,2.750798565,70,1.926
dish_1562699699,brown rice,22,5.06,50,2.53
dish_1562699699,quinoa,50.485435,10.60194135,35,3.711
dish_1562700906,cauliflower,117,5.85,15,0.878
dish_1562703345,pizza,58,19.14,80,15.312
dish_1562703382,pizza,58,19.14,80,15.312
dish_1562704528,cheese pizza,56,18.76,80,15.008
dish_1562774980,oatmeal,201,24.12,60,14.472
dish_1562775047,berries,260,36.4,35,12.74
dish_1562775047,oatmeal,201,24.12,60,14.472
dish_1562775110,honeydew melons,282,25.38,65,16.497
dish_1562775212,oatmeal,136,16.32,60,9.792
dish_1562775241,oatmeal,136,16.32,60,9.792
dish_1562775275,oatmeal,136,16.32,60,9.792
dish_1562788506,corn on the cob,108,23.76,48,11.4048
dish_1562789207,cheese pizza,55,18.425,80,14.74
dish_1562862550,bagels,42.400002,20.77600098,69,14.33544068
dish_1562871297,cheese pizza,47,15.745,80,12.596
dish_1562871363,cheese pizza,47,15.745,80,12.596
dish_1562871363,white rice,93,26.04,70,18.228
dish_1562874049,cheese pizza,155,51.925,80,41.54
dish_1562875159,pizza,98,32.34,80,25.872
dish_1562875211,pizza,98,32.34,80,25.872
dish_1562876618,cheese pizza,43,14.405,80,11.524
dish_1562947598,cantaloupe,258,20.64,65,13.416
dish_1562947885,grapes,313,56.34,56,31.5504
dish_1562950018,roasted potatoes,142,25.56,59,15.0804
dish_1562950057,roasted potatoes,142,25.56,59,15.0804
dish_1562950091,roasted potatoes,142,25.56,59,15.0804
dish_1562961588,pizza,67,22.11,80,17.688
dish_1562963246,cheese pizza,122,40.87,80,32.696
dish_1562963289,cheese pizza,122,40.87,80,32.696
dish_1562963583,pizza,52,17.16,80,13.728
dish_1562963612,pizza,52,17.16,80,13.728
dish_1563216412,white rice,106,29.68,70,20.776
dish_1563218408,pepperoni pizza,87,27.84,80,22.272
dish_1563220058,pepperoni pizza,52,16.64,80,13.312
dish_1563220087,pepperoni pizza,52,16.64,80,13.312
dish_1563221443,pepperoni pizza,86,27.52,80,22.016
dish_1563222745,pepperoni pizza,48,15.36,80,12.288
dish_1563305513,cheese pizza,228,76.38,80,61.104
dish_1563378660,bagels,99.200005,48.60800245,69,33.53952169
dish_1563378690,bagels,99.200005,48.60800245,69,33.53952169
dish_1563381486,roasted potatoes,144,25.92,59,15.2928
dish_1563381512,chilaquiles,152,18.24,60,10.944
dish_1563381512,roasted potatoes,144,25.92,59,15.2928
dish_1563395341,cheese pizza,54,18.09,80,14.472
dish_1563464627,bagels,92,45.08,69,31.1052
dish_1563464651,bagels,92,45.08,69,31.1052
dish_1563464670,bagels,92,45.08,69,31.1052
dish_1563551105,bagels,57.600002,28.22400098,69,19.47456068
dish_1563555543,pineapple,149,19.37,66,12.7842
dish_1563555563,pineapple,149,19.37,66,12.7842
dish_1563555605,roasted potatoes,99,17.82,59,10.5138
dish_1563555605,pineapple,149,19.37,66,12.7842
dish_1563565289,corn on the cob,88,19.36,48,9.2928
dish_1563566909,wild rice,187,46.75,45,21.0375
dish_1563568263,cheese pizza,45,15.075,80,12.06
dish_1563568292,cheese pizza,45,15.075,80,12.06
dish_1563568292,corn on the cob,148,32.56,48,15.6288
dish_1563827060,cheese pizza,55,18.425,80,14.74
dish_1563827086,cheese pizza,55,18.425,80,14.74
dish_1563827110,cheese pizza,55,18.425,80,14.74
dish_1563827132,cheese pizza,55,18.425,80,14.74
dish_1563897837,watermelon,203,15.428,75,11.571
dish_1563897870,oatmeal,249,29.88,60,17.928
dish_1563913588,cheese pizza,68,22.78,80,18.224
dish_1564000202,cheese pizza,149,49.915,80,39.932
dish_1564000417,cheese pizza,128,42.88,80,34.304
dish_1564073716,sweet potato,50.731709,9.13170762,70,6.392
dish_1564083508,cherry tomatoes,92,3.588,30,1.076
dish_1564083534,cherry tomatoes,92,3.588,30,1.076
dish_1564083534,bell peppers,82,7.38,15,1.107
dish_1564086602,cheese pizza,49,16.415,80,13.132
dish_1564086624,corn on the cob,82,18.04,48,8.659
dish_1564086624,cheese pizza,49,16.415,80,13.132
dish_1564086624,cheese pizza,49,16.415,80,13.132
dish_1564086658,corn on the cob,82,18.04,48,8.659
dish_1564086658,cheese pizza,49,16.415,80,13.132
dish_1564086658,cheese pizza,49,16.415,80,13.132
dish_1564086709,pasta,56.617645,14.04117596,50,7.021
dish_1564086709,corn on the cob,82,18.04,48,8.659
dish_1564086709,cheese pizza,49,16.415,80,13.132
dish_1564160043,bagels,98,48.02,69,33.1338
dish_1564160161,bagels,97,47.53,69,32.7957
dish_1564160161,bagels,97,47.53,69,32.796
dish_1564169644,cheese pizza,163,54.605,80,43.684
dish_1564170880,brown rice,20.274076,4.66303748,50,2.332
dish_1564170880,wheat berry,92.233009,17.61650472,30,5.285
dish_1564432094,pepperoni pizza,63,20.16,80,16.128
dish_1564432165,pineapple,58,7.54,66,4.976
dish_1564432165,pepperoni pizza,63,20.16,80,16.128
dish_1564432191,pineapple,58,7.54,66,4.976
dish_1564432191,pepperoni pizza,63,20.16,80,16.128
dish_1564516454,white beans,17.35269,4.35552519,33,1.437
dish_1564516483,white beans,17.35269,4.35552519,33,1.437
dish_1564516483,carrot,106.469498,10.6469498,30,3.194
dish_1564516760,quinoa,21.153847,4.44230787,35,1.555
dish_1564516760,carrot,53.234749,5.3234749,30,1.597
dish_1564518454,cheese pizza,62,20.77,80,16.616
dish_1564518488,cheese pizza,62,20.77,80,16.616
dish_1564518512,carrot,45.348122,4.5348122,30,1.36
dish_1564518512,cheese pizza,62,20.77,80,16.616
dish_1564518542,carrot,45.348122,4.5348122,30,1.36
dish_1564518542,cheese pizza,62,20.77,80,16.616
dish_1564518586,carrot,45.348122,4.5348122,30,1.36
dish_1564518586,cheese pizza,62,20.77,80,16.616
dish_1564588919,milk,46.582897,2.32914485,31,0.722
dish_1564588919,blueberries,89,12.816,25,3.204
dish_1564588919,sweet potato,103.414635,18.6146343,70,13.03
dish_1564589072,sweet potato,49.7561,8.956098,70,6.269
dish_1564589072,chilaquiles,190,22.8,60,13.68
dish_1564589308,roasted potatoes,161,28.98,59,17.0982
dish_1564590190,berries,93,13.02,35,4.557
dish_1564590190,watermelon,84,6.384,75,4.788
dish_1564590190,sweet potato,118.048782,21.24878076,70,14.874
dish_1564590226,cantaloupe,78,6.24,65,4.056
dish_1564590226,berries,93,13.02,35,4.557
dish_1564590226,watermelon,84,6.384,75,4.788
dish_1564590226,sweet potato,118.048782,21.24878076,70,14.874
dish_1564590254,cantaloupe,78,6.24,65,4.056
dish_1564590254,berries,93,13.02,35,4.557
dish_1564590254,watermelon,84,6.384,75,4.788
dish_1564590254,pineapple,56,7.28,66,4.805
dish_1564590254,sweet potato,118.048782,21.24878076,70,14.874
dish_1564590288,cantaloupe,78,6.24,65,4.056
dish_1564590288,berries,93,13.02,35,4.557
dish_1564590288,watermelon,84,6.384,75,4.788
dish_1564590288,pineapple,56,7.28,66,4.805
dish_1564590288,sweet potato,118.048782,21.24878076,70,14.874
dish_1564601528,roasted potatoes,90,16.2,59,9.558
dish_1564601569,turnips,73,3.723,20,0.745
dish_1564601569,brussels sprouts,125.953262,11.33579358,15,1.7
dish_1564601569,roasted potatoes,90,16.2,59,9.558
dish_1564601600,turnips,73,3.723,20,0.745
dish_1564601600,brussels sprouts,125.953262,11.33579358,15,1.7
dish_1564601600,roasted potatoes,90,16.2,59,9.558
dish_1564601638,turnips,73,3.723,20,0.745
dish_1564601638,wheat berry,15.010961,2.867093551,30,0.86
dish_1564601638,brussels sprouts,125.953262,11.33579358,15,1.7
dish_1564601638,roasted potatoes,90,16.2,59,9.558
dish_1564605293,cheese pizza,152,50.92,80,40.736
dish_1564605328,cheese pizza,152,50.92,80,40.736
dish_1564675157,watermelon,77,5.852,75,4.389
dish_1564675157,grapes,46,8.28,56,4.637
dish_1564675157,sweet potato,157.073181,28.27317258,70,19.791
dish_1564675193,watermelon,77,5.852,75,4.389
dish_1564675193,grapes,46,8.28,56,4.637
dish_1564675193,sweet potato,157.073181,28.27317258,70,19.791
dish_1564685229,green beans,48.75,3.4125,30,1.024
dish_1564685229,millet,20.587851,4.879320687,70,3.416
dish_1564685450,millet,13.481384,3.195088008,70,2.237
dish_1564685450,pizza,96,31.68,80,25.344
dish_1564686657,cheese pizza,105,35.175,80,28.14
dish_1564686702,cheese pizza,105,35.175,80,28.14
dish_1564686740,cheese pizza,105,35.175,80,28.14
dish_1564686791,cheese pizza,105,35.175,80,28.14
dish_1564687046,millet,6.792946,1.609928202,70,1.127
dish_1564687046,green beans,81.900002,5.73300014,30,1.72
dish_1564687046,white rice,19.55419,5.4751732,70,3.833
dish_1564687090,millet,6.792946,1.609928202,70,1.127
dish_1564687090,green beans,81.900002,5.73300014,30,1.72
dish_1564687090,white rice,19.55419,5.4751732,70,3.833
dish_1564687090,wheat berry,104.85437,20.02718467,30,6.008
dish_1564688969,cheese pizza,90,30.15,80,24.12
dish_1564689219,lentils,135,27,27,7.29
dish_1564690138,green beans,37.049999,2.59349993,30,0.778
dish_1564690138,lentils,81,16.2,27,4.374
dish_1564690167,green beans,37.049999,2.59349993,30,0.778
dish_1564690167,lentils,81,16.2,27,4.374
dish_1564691380,green beans,39,2.73,30,0.819
dish_1564691380,corn on the cob,71,15.62,48,7.498
dish_1564691420,green beans,39,2.73,30,0.819
dish_1564691420,corn on the cob,71,15.62,48,7.498
dish_1564691450,green beans,39,2.73,30,0.819
dish_1564691450,millet,14.63096,3.46753752,70,2.427
dish_1564691450,corn on the cob,71,15.62,48,7.498
dish_1564761457,fried rice,97,29.003,80,23.202
dish_1564761488,honeydew melons,113,10.17,65,6.61
dish_1564761488,fried rice,97,29.003,80,23.202
dish_1564773876,broccoli,58,4.06,15,0.609
dish_1564773876,cherry tomatoes,59.23077,2.31000003,30,0.693
dish_1564773876,lentils,12.923077,2.5846154,27,0.698
dish_1564773903,broccoli,58,4.06,15,0.609
dish_1564773903,cherry tomatoes,59.23077,2.31000003,30,0.693
dish_1564773903,lentils,12.923077,2.5846154,27,0.698
dish_1564773903,pineapple,117,15.21,66,10.039
dish_1564773942,broccoli,58,4.06,15,0.609
dish_1564773942,cherry tomatoes,59.23077,2.31000003,30,0.693
dish_1564773942,lentils,12.923077,2.5846154,27,0.698
dish_1564773942,pineapple,117,15.21,66,10.039
dish_1564773976,broccoli,58,4.06,15,0.609
dish_1564773976,cherry tomatoes,59.23077,2.31000003,30,0.693
dish_1564773976,lentils,12.923077,2.5846154,27,0.698
dish_1564773976,pineapple,117,15.21,66,10.039
dish_1564775182,lentils,18.584616,3.7169232,27,1.004
dish_1564775182,broccoli,122.926834,8.60487838,15,1.291
dish_1564775216,lentils,18.584616,3.7169232,27,1.004
dish_1564775216,millet,6.414254,1.520178198,70,1.064
dish_1564775216,broccoli,122.926834,8.60487838,15,1.291
dish_1564777933,cheese pizza,39,13.065,80,10.452
dish_1564777986,broccoli,72.195122,5.05365854,15,0.758
dish_1564777986,millet,10.995864,2.606019768,70,1.824
dish_1564777986,cheese pizza,39,13.065,80,10.452
dish_1564778030,broccoli,72.195122,5.05365854,15,0.758
dish_1564778030,millet,10.995864,2.606019768,70,1.824
dish_1564778030,cheese pizza,39,13.065,80,10.452
dish_1564778057,broccoli,72.195122,5.05365854,15,0.758
dish_1564778057,millet,10.995864,2.606019768,70,1.824
dish_1564778057,rice noodles,36.240963,9.06024075,58,5.255
dish_1564778057,cheese pizza,39,13.065,80,10.452
dish_1565020822,sweet potato,91.707321,16.50731778,70,11.555
dish_1565020867,berries,132,18.48,35,6.468
dish_1565020867,sweet potato,91.707321,16.50731778,70,11.555
dish_1565020895,milk,41.97073,2.0985365,31,0.651
dish_1565020895,berries,132,18.48,35,6.468
dish_1565020895,sweet potato,91.707321,16.50731778,70,11.555
dish_1565021011,waffles,73,23.871,75,17.90325
dish_1565021054,waffles,73,23.871,75,17.90325
dish_1565021675,honeydew melons,75,6.75,65,4.388
dish_1565021675,sweet potato,99.512199,17.91219582,70,12.539
dish_1565021714,berries,87,12.18,35,4.263
dish_1565021714,honeydew melons,75,6.75,65,4.388
dish_1565021714,sweet potato,99.512199,17.91219582,70,12.539
dish_1565022027,sweet potato,87.804878,15.80487804,70,11.063
dish_1565022062,berries,99,13.86,35,4.851
dish_1565022062,sweet potato,87.804878,15.80487804,70,11.063
dish_1565023182,granola,5.16129,3.33935463,56,1.87
dish_1565024741,roasted potatoes,43,7.74,59,4.567
dish_1565030391,white rice,25.776636,7.21745808,70,5.052
dish_1565031376,cauliflower,93,4.65,15,0.698
dish_1565031376,white rice,11.912708,3.33555824,70,2.335
dish_1565032714,squash,120.345253,4.091738602,15,0.614
dish_1565032714,arugula,128.593506,4.757959722,15,0.714
dish_1565032714,figs,20.574961,13.37372465,35,4.681
dish_1565033139,broccoli,92,6.44,15,0.966
dish_1565033139,olives,127,8.001,15,1.2
dish_1565033189,broccoli,92,6.44,15,0.966
dish_1565033189,olives,127,8.001,15,1.2
dish_1565034281,roasted potatoes,131,23.58,59,13.9122
dish_1565034330,cauliflower,175,8.75,15,1.313
dish_1565034330,white rice,18.177151,5.08960228,70,3.563
dish_1565034330,roasted potatoes,131,23.58,59,13.912
dish_1565035774,cauliflower,110,5.5,15,0.825
dish_1565035802,cherry tomatoes,65,2.535,30,0.761
dish_1565035802,cauliflower,110,5.5,15,0.825
dish_1565035830,cherry tomatoes,65,2.535,30,0.761
dish_1565035830,cauliflower,110,5.5,15,0.825
dish_1565035858,cherry tomatoes,65,2.535,30,0.761
dish_1565035858,cauliflower,110,5.5,15,0.825
dish_1565035858,watermelon,117,8.892,75,6.669
dish_1565036788,cheese pizza,70,23.45,80,18.76
dish_1565036890,brown rice,5.485232,1.26160336,50,0.631
dish_1565036890,white rice,6.572529,1.84030812,70,1.288
dish_1565036890,roasted potatoes,61,10.98,59,6.478
dish_1565036890,cheese pizza,70,23.45,80,18.76
dish_1565036922,brown rice,5.485232,1.26160336,50,0.631
dish_1565036922,white rice,6.572529,1.84030812,70,1.288
dish_1565036922,roasted potatoes,61,10.98,59,6.478
dish_1565036922,cheese pizza,70,23.45,80,18.76
dish_1565036953,brown rice,5.485232,1.26160336,50,0.631
dish_1565036953,white rice,6.572529,1.84030812,70,1.288
dish_1565036953,roasted potatoes,61,10.98,59,6.478
dish_1565036953,cheese pizza,70,23.45,80,18.76
dish_1565107119,sweet potato,115.121956,20.72195208,70,14.505
dish_1565107143,watermelon,93,7.068,75,5.301
dish_1565107143,sweet potato,115.121956,20.72195208,70,14.505
dish_1565107171,watermelon,93,7.068,75,5.301
dish_1565107171,grapes,69,12.42,56,6.955
dish_1565107171,sweet potato,115.121956,20.72195208,70,14.505
dish_1565109659,sweet potato,91.707321,16.50731778,70,11.555
dish_1565117429,cheese pizza,147,49.245,80,39.396
dish_1565117463,cheese pizza,147,49.245,80,39.396
dish_1565117962,bell peppers,69,6.21,15,0.932
dish_1565117990,bell peppers,69,6.21,15,0.932
dish_1565117990,cheese pizza,76,25.46,80,20.368
dish_1565118029,cherry tomatoes,73,2.847,30,0.854
dish_1565118029,bell peppers,69,6.21,15,0.932
dish_1565118029,cheese pizza,76,25.46,80,20.368
dish_1565118067,cherry tomatoes,73,2.847,30,0.854
dish_1565118067,bell peppers,69,6.21,15,0.932
dish_1565118067,carrot,69,6.9,30,2.07
dish_1565118067,cheese pizza,76,25.46,80,20.368
dish_1565118096,cheese pizza,76,25.46,80,20.368
dish_1565118782,apple,12.448133,1.74273862,36,0.627
dish_1565118782,millet,30.219402,7.161998274,70,5.013
dish_1565119418,cheese pizza,122,40.87,80,32.696
dish_1565119464,millet,6.821508,1.616697396,70,1.132
dish_1565119464,cheese pizza,122,40.87,80,32.696
dish_1565119493,millet,6.821508,1.616697396,70,1.132
dish_1565119493,cheese pizza,122,40.87,80,32.696
dish_1565119698,millet,8.043271,1.906255227,70,1.334
dish_1565119739,millet,8.043271,1.906255227,70,1.334
dish_1565119739,wheat berry,148.543686,28.37184403,30,8.512
dish_1565123783,cheese pizza,35,11.725,80,9.38
dish_1565123845,millet,7.636017,1.809736029,70,1.267
dish_1565123845,cheese pizza,35,11.725,80,9.38
dish_1565123881,millet,7.636017,1.809736029,70,1.267
dish_1565123881,cheese pizza,35,11.725,80,9.38
dish_1565194781,carrot,57.178066,5.7178066,30,1.715
dish_1565194781,sweet potato,128.780487,23.18048766,70,16.226
dish_1565194823,carrot,57.178066,5.7178066,30,1.715
dish_1565194823,grapes,51,9.18,56,5.141
dish_1565194823,sweet potato,128.780487,23.18048766,70,16.226
dish_1565194852,carrot,57.178066,5.7178066,30,1.715
dish_1565194852,grapes,51,9.18,56,5.141
dish_1565194852,watermelon,140,10.64,75,7.98
dish_1565194852,sweet potato,128.780487,23.18048766,70,16.226
dish_1565207896,tofu,254,4.826,15,0.724
dish_1565207896,brussels sprouts,78.720787,7.08487083,15,1.063
dish_1565207896,bulgur,5.714286,4.34285736,55,2.389
dish_1565370004,green beans,100.425003,7.02975021,30,2.109
dish_1565378770,white rice,7.637231,2.13842468,70,1.497
dish_1565378770,carrot,124.214417,12.4214417,30,3.726
dish_1565378770,wheat berry,78.640778,15.0203886,30,4.506
dish_1565379377,carrot,66.050522,6.6050522,30,1.982
dish_1565379377,white rice,17.183771,4.81145588,70,3.368
dish_1565379868,carrot,112.48436,11.248436,30,3.375
dish_1565379868,white rice,18.997614,5.31933192,70,3.724
dish_1565379868,rice noodles,51.662647,12.91566175,58,7.491
dish_1565382733,pepperoni pizza,102,32.64,80,26.112
dish_1565382803,carrot,36.475662,3.6475662,30,1.094
dish_1565382803,roasted potatoes,38,6.84,59,4.036
dish_1565382803,pepperoni pizza,102,32.64,80,26.112
dish_1565382856,carrot,42.837109,4.2837109,30,1.285
dish_1565382856,rice noodles,25.445782,6.3614455,58,3.69
dish_1565382856,roasted potatoes,38,6.84,59,4.036
dish_1565382856,pepperoni pizza,102,32.64,80,26.112
dish_1565382886,carrot,42.837109,4.2837109,30,1.285
dish_1565382886,rice noodles,25.445782,6.3614455,58,3.69
dish_1565382886,roasted potatoes,38,6.84,59,4.036
dish_1565382886,pepperoni pizza,102,32.64,80,26.112
dish_1565383026,olives,129,8.127,15,1.219
dish_1565383062,olives,129,8.127,15,1.219
dish_1565383097,olives,129,8.127,15,1.219
dish_1565637578,quinoa,44.660194,9.37864074,35,3.283
dish_1565637578,pineapple,56,7.28,66,4.805
dish_1565638323,white rice,17.87995,5.006386,70,3.504
dish_1565638323,brown rice,99,22.77,50,11.385
dish_1565638365,white rice,17.87995,5.006386,70,3.504
dish_1565638365,brown rice,99,22.77,50,11.385
dish_1565638550,white rice,7.560664,2.11698592,70,1.482
dish_1565638550,green beans,88.724998,6.21074986,30,1.863
dish_1565638599,white rice,7.560664,2.11698592,70,1.482
dish_1565638599,green beans,88.724998,6.21074986,30,1.863
dish_1565638599,quinoa,62.135921,13.04854341,35,4.567
dish_1565640227,pepperoni pizza,111,35.52,80,28.416
dish_1565640272,bell peppers,54,4.86,15,0.729
dish_1565640272,cherry tomatoes,240,9.36,30,2.808
dish_1565640272,pepperoni pizza,111,35.52,80,28.416
dish_1565640365,bell peppers,54,4.86,15,0.729
dish_1565640365,wheat berry,17.905544,3.419958904,30,1.026
dish_1565640365,cherry tomatoes,248.952774,9.709158186,30,2.913
dish_1565640365,pepperoni pizza,111,35.52,80,28.416
dish_1565640549,mangos,10.700637,1.60509555,56,0.899
dish_1565640812,black beans,43,10.191,30,3.057
dish_1565640842,black beans,43,10.191,30,3.057
dish_1565640868,olives,77,4.851,15,0.728
dish_1565640868,black beans,43,10.191,30,3.057
dish_1565640894,olives,77,4.851,15,0.728
dish_1565640894,black beans,43,10.191,30,3.057
dish_1565641844,cheese pizza,92,30.82,80,24.656
dish_1565641885,cheese pizza,92,30.82,80,24.656
dish_1565641915,quinoa,49.514561,10.39805781,35,3.639
dish_1565641915,cheese pizza,92,30.82,80,24.656
dish_1565641943,quinoa,49.514561,10.39805781,35,3.639
dish_1565641943,cheese pizza,92,30.82,80,24.656
dish_1565711154,granola,12.419354,8.035322038,56,4.5
dish_1565711183,brussels sprouts,74.784752,6.73062768,15,1.01
dish_1565711183,granola,12.419354,8.035322038,56,4.5
dish_1565711326,grapes,17,3.06,56,1.714
dish_1565711326,cantaloupe,93,7.44,65,4.836
dish_1565711326,sweet potato,82.547165,14.8584897,70,10.401
dish_1565711326,yam,82.547165,24.26886651,70,16.988
dish_1565711358,grapes,17,3.06,56,1.714
dish_1565711358,cantaloupe,93,7.44,65,4.836
dish_1565711358,sweet potato,82.547165,14.8584897,70,10.401
dish_1565711358,yam,82.547165,24.26886651,70,16.988
dish_1565721855,chayote squash,85.5,4.3605,15,0.654
dish_1565721855,wheat berry,18.048651,3.447292341,30,1.034
dish_1565721855,roasted potatoes,68,12.24,59,7.222
dish_1565724269,wheat berry,10.863405,2.074910355,30,0.622
dish_1565724269,broccoli,80,5.6,15,0.84
dish_1565724269,pizza,102,33.66,80,26.928
dish_1565724588,chayote squash,79,4.029,15,0.604
dish_1565724588,broccoli,136.585373,9.56097611,15,1.434
dish_1565724588,roasted potatoes,112,20.16,59,11.894
dish_1565724620,chayote squash,79,4.029,15,0.604
dish_1565724620,wheat berry,10.692328,2.042234648,30,0.613
dish_1565724620,broccoli,136.585373,9.56097611,15,1.434
dish_1565724620,roasted potatoes,112,20.16,59,11.894
dish_1565725071,bell peppers,80,7.2,15,1.08
dish_1565725071,carrot,66,6.6,30,1.98
dish_1565726887,broccoli,63.414635,4.43902445,15,0.666
dish_1565726887,roasted potatoes,51,9.18,59,5.416
dish_1565726915,broccoli,63.414635,4.43902445,15,0.666
dish_1565726915,roasted potatoes,51,9.18,59,5.416
dish_1565726949,broccoli,63.414635,4.43902445,15,0.666
dish_1565726949,millet,12.31944,2.91970728,70,2.044
dish_1565726949,roasted potatoes,51,9.18,59,5.416
dish_1565727791,broccoli,68,4.76,15,0.714
dish_1565727821,broccoli,68,4.76,15,0.714
dish_1565727851,broccoli,68,4.76,15,0.714
dish_1565727851,olives,109,6.867,15,1.03
dish_1565727875,broccoli,68,4.76,15,0.714
dish_1565727875,olives,109,6.867,15,1.03
dish_1565727875,black beans,60,14.22,30,4.266
dish_1565728388,cheese pizza,47,15.745,80,12.596
dish_1565728453,cheese pizza,47,15.745,80,12.596
dish_1565728562,roasted potatoes,23,4.14,59,2.443
dish_1565728562,cheese pizza,47,15.745,80,12.596
dish_1565728591,broccoli,58.536587,4.09756109,15,0.615
dish_1565728591,roasted potatoes,23,4.14,59,2.443
dish_1565728591,cheese pizza,47,15.745,80,12.596
dish_1565728634,broccoli,58.536587,4.09756109,15,0.615
dish_1565728634,roasted potatoes,23,4.14,59,2.443
dish_1565728634,pineapple,96,12.48,66,8.237
dish_1565728634,cheese pizza,47,15.745,80,12.596
dish_1565728684,broccoli,58.536587,4.09756109,15,0.615
dish_1565728684,roasted potatoes,23,4.14,59,2.443
dish_1565728684,pineapple,96,12.48,66,8.237
dish_1565728684,cheese pizza,47,15.745,80,12.596
dish_1565797699,berries,32,4.48,35,1.568
dish_1565797699,watermelon,70,5.32,75,3.99
dish_1565797699,granola,11.129032,7.200483704,56,4.032
dish_1565797723,berries,32,4.48,35,1.568
dish_1565797723,watermelon,70,5.32,75,3.99
dish_1565797723,granola,11.129032,7.200483704,56,4.032
dish_1565798617,berries,87,12.18,35,4.263
dish_1565799597,watermelon,61,4.636,75,3.477
dish_1565799597,sweet potato,76.097565,13.6975617,70,9.588
dish_1565799617,berries,63,8.82,35,3.087
dish_1565799617,watermelon,61,4.636,75,3.477
dish_1565799617,sweet potato,76.097565,13.6975617,70,9.588
dish_1565809033,onions,56,5.04,15,0.756
dish_1565809033,cherry tomatoes,74,2.886,30,0.866
dish_1565809033,bell peppers,98,8.82,15,1.323
dish_1565811061,carrot,47,4.7,30,1.41
dish_1565811390,brown rice,7.058382,1.62342786,50,0.812
dish_1565811390,wheat berry,89.320389,17.0601943,30,5.118
dish_1565812186,pineapple,57,7.41,66,4.891
dish_1565884833,watermelon,55,4.18,75,3.135
dish_1565884833,waffles,83,27.141,75,20.356
dish_1565894858,cookies,27,17.55,70,12.285
dish_1565894889,cookies,27,17.55,70,12.285
dish_1565894889,cheese pizza,47,15.745,80,12.596
dish_1565894910,cookies,27,17.55,70,12.285
dish_1565894910,cheese pizza,47,15.745,80,12.596
dish_1565894910,cheese pizza,47,15.745,80,12.596
dish_1565894910,pizza,105,34.65,80,27.72
dish_1565896745,wheat berry,18.562727,3.545480857,30,1.064
dish_1565898193,green beans,58.5,4.095,30,1.229
dish_1565898193,brown rice,19.437897,4.47071631,50,2.235
dish_1565898511,cherry tomatoes,62,2.418,30,0.725
dish_1565898590,cherry tomatoes,62,2.418,30,0.725
dish_1565898590,brown rice,11.604714,2.66908422,50,1.335
dish_1565898590,carrot,75,7.5,30,2.25
dish_1565898659,cherry tomatoes,62,2.418,30,0.725
dish_1565898659,brown rice,11.604714,2.66908422,50,1.335
dish_1565898659,carrot,75,7.5,30,2.25
dish_1565898723,cherry tomatoes,62,2.418,30,0.725
dish_1565898723,green beans,49.725002,3.48075014,30,1.044
dish_1565898723,brown rice,11.604714,2.66908422,50,1.335
dish_1565898723,carrot,75,7.5,30,2.25
dish_1565898758,cherry tomatoes,62,2.418,30,0.725
dish_1565898758,green beans,49.725002,3.48075014,30,1.044
dish_1565898758,brown rice,11.604714,2.66908422,50,1.335
dish_1565898758,carrot,75,7.5,30,2.25
dish_1565972384,sweet potato,145.36586,26.1658548,70,18.316
dish_1565972715,green beans,81.900002,5.73300014,30,1.72
dish_1565981848,carrot,46.33395,4.633395,30,1.39
dish_1565981898,carrot,46.33395,4.633395,30,1.39
dish_1565984299,cauliflower,220,11,15,1.65
dish_1565984299,carrot,76.894638,7.6894638,30,2.307
dish_1565984345,white rice,5.045872,1.41284416,70,0.989
dish_1565984345,cauliflower,220,11,15,1.65
dish_1565984345,carrot,77.525375,7.7525375,30,2.326
dish_1565984434,white rice,5.045872,1.41284416,70,0.989
dish_1565984434,cauliflower,220,11,15,1.65
dish_1565984434,carrot,77.525375,7.7525375,30,2.326
dish_1565984434,quinoa,74.757278,15.69902838,35,5.495
dish_1565987116,olives,109,6.867,15,1.03
dish_1565987142,olives,109,6.867,15,1.03
dish_1565987269,cheese pizza,45,15.075,80,12.06
dish_1566246902,cheese pizza,89,29.815,80,23.852
dish_1566316726,sweet potato,119.024391,21.42439038,70,14.997
dish_1566317711,oatmeal,182,21.84,60,13.104
dish_1566317742,oatmeal,182,21.84,60,13.104
dish_1566317775,oatmeal,182,21.84,60,13.104
dish_1566328776,pizza,233,76.89,80,61.512
dish_1566328805,pineapple,52,6.76,66,4.462
dish_1566328805,pizza,233,76.89,80,61.512
dish_1566328831,pineapple,52,6.76,66,4.462
dish_1566328831,pizza,233,76.89,80,61.512
dish_1566328894,cheese pizza,89,29.815,80,23.852
dish_1566328988,millet,28.111828,6.662503236,70,4.664
dish_1566328988,fried rice,90,26.91,80,21.528
dish_1566328988,cheese pizza,89,29.815,80,23.852
dish_1566329021,brussels sprouts,86.592865,7.79335785,15,1.169
dish_1566329021,millet,28.111828,6.662503236,70,4.664
dish_1566329021,fried rice,90,26.91,80,21.528
dish_1566329021,cheese pizza,89,29.815,80,23.852
dish_1566329049,cauliflower,89,4.45,15,0.668
dish_1566329049,brussels sprouts,86.592865,7.79335785,15,1.169
dish_1566329049,millet,28.111828,6.662503236,70,4.664
dish_1566329049,fried rice,90,26.91,80,21.528
dish_1566329049,cheese pizza,89,29.815,80,23.852
dish_1566329257,millet,8.145084,1.930384908,70,1.351
dish_1566329257,cauliflower,377,18.85,15,2.828
dish_1566330428,cauliflower,102,5.1,15,0.765
dish_1566330428,millet,12.828508,3.040356396,70,2.128
dish_1566330466,cauliflower,102,5.1,15,0.765
dish_1566330466,millet,12.828508,3.040356396,70,2.128
dish_1566330466,fried rice,55,16.445,80,13.156
dish_1566331868,brussels sprouts,101.353012,9.12177108,15,1.368
dish_1566331868,millet,28.922529,6.854639373,70,4.798
dish_1566331868,fried rice,66,19.734,80,15.787
dish_1566331914,brussels sprouts,101.353012,9.12177108,15,1.368
dish_1566331914,millet,28.922529,6.854639373,70,4.798
dish_1566331914,fried rice,66,19.734,80,15.787
dish_1566332116,olives,112,7.056,15,1.058
dish_1566332154,olives,112,7.056,15,1.058
dish_1566332193,avocado,79,7.11,10,0.711
dish_1566332193,olives,112,7.056,15,1.058
dish_1566333118,cheese pizza,90,30.15,80,24.12
dish_1566402095,sweet potato,61.79245,11.122641,70,7.786
dish_1566402095,yam,61.79245,18.1669803,70,12.717
dish_1566402123,watermelon,80,6.08,75,4.56
dish_1566402123,sweet potato,61.79245,11.122641,70,7.786
dish_1566402123,yam,61.79245,18.1669803,70,12.717
dish_1566402160,cantaloupe,40,3.2,65,2.08
dish_1566402160,watermelon,80,6.08,75,4.56
dish_1566402160,sweet potato,61.79245,11.122641,70,7.786
dish_1566402160,yam,61.79245,18.1669803,70,12.717
dish_1566402197,berries,39,5.46,35,1.911
dish_1566402197,cantaloupe,40,3.2,65,2.08
dish_1566402197,watermelon,80,6.08,75,4.56
dish_1566402197,sweet potato,61.79245,11.122641,70,7.786
dish_1566402197,yam,61.79245,18.1669803,70,12.717
dish_1566413388,broccoli,67,4.69,15,0.704
dish_1566413419,broccoli,67,4.69,15,0.704
dish_1566413445,broccoli,67,4.69,15,0.704
dish_1566413445,olives,80,5.04,15,0.756
dish_1566413469,broccoli,67,4.69,15,0.704
dish_1566413469,olives,80,5.04,15,0.756
dish_1566414924,green beans,62.400002,4.36800014,30,1.31
dish_1566414924,roasted potatoes,67,12.06,59,7.115
dish_1566415558,wheat berry,12.682927,2.422439057,30,0.727
dish_1566415558,green beans,139.425003,9.75975021,30,2.928
dish_1566415591,wheat berry,12.682927,2.422439057,30,0.727
dish_1566415591,broccoli,80,5.6,15,0.84
dish_1566415591,green beans,139.425003,9.75975021,30,2.928
dish_1566416388,eggplant,98.039215,5.784313685,20,1.157
dish_1566416388,green beans,83.849998,5.86949986,30,1.761
dish_1566416388,roasted potatoes,129,23.22,59,13.7
dish_1566416421,eggplant,98.039215,5.784313685,20,1.157
dish_1566416421,green beans,83.849998,5.86949986,30,1.761
dish_1566416421,roasted potatoes,129,23.22,59,13.7
dish_1566416455,eggplant,98.039215,5.784313685,20,1.157
dish_1566416455,green beans,83.849998,5.86949986,30,1.761
dish_1566416455,roasted potatoes,129,23.22,59,13.7
dish_1566419510,cheese pizza,103,34.505,80,27.604
dish_1566419546,cheese pizza,103,34.505,80,27.604
dish_1566419577,green beans,32.174999,2.25224993,30,0.676
dish_1566419577,cheese pizza,103,34.505,80,27.604
dish_1566419603,green beans,32.174999,2.25224993,30,0.676
dish_1566419603,roasted potatoes,42,7.56,59,4.46
dish_1566419603,cheese pizza,103,34.505,80,27.604
dish_1566419635,wheat berry,10.666667,2.037333397,30,0.611
dish_1566419635,green beans,32.174999,2.25224993,30,0.676
dish_1566419635,roasted potatoes,42,7.56,59,4.46
dish_1566419635,cheese pizza,103,34.505,80,27.604
dish_1566488956,cantaloupe,61,4.88,65,3.172
dish_1566488956,sweet potato,83.902443,15.10243974,70,10.572
dish_1566488981,cantaloupe,61,4.88,65,3.172
dish_1566488981,sweet potato,83.902443,15.10243974,70,10.572
dish_1566499686,sun dried tomatoes,4.900901,2.74450456,35,0.961
dish_1566499686,white rice,23.770882,6.65584696,70,4.659
dish_1566501012,olives,97,6.111,15,0.917
dish_1566501012,carrot,38,3.8,30,1.14
dish_1566501041,olives,97,6.111,15,0.917
dish_1566501041,carrot,38,3.8,30,1.14
dish_1566501067,olives,97,6.111,15,0.917
dish_1566501067,carrot,38,3.8,30,1.14
dish_1566501126,olives,97,6.111,15,0.917
dish_1566501126,carrot,38,3.8,30,1.14
dish_1566501352,cherry tomatoes,57,2.223,30,0.667
dish_1566501352,carrot,57,5.7,30,1.71
dish_1566502033,corn on the cob,69,15.18,48,7.286
dish_1566502061,white rice,12.601432,3.52840096,70,2.47
dish_1566502061,corn on the cob,69,15.18,48,7.286
dish_1566502315,brown rice,9.653809,2.22037607,50,1.11
dish_1566502315,white rice,12.983294,3.63532232,70,2.545
dish_1566502472,sun dried tomatoes,3.075075,1.722042,35,0.603
dish_1566502472,corn on the cob,55,12.1,48,5.808
dish_1566502505,sun dried tomatoes,3.075075,1.722042,35,0.603
dish_1566502505,white rice,14.892601,4.16992828,70,2.919
dish_1566502505,corn on the cob,55,12.1,48,5.808
dish_1566502573,sun dried tomatoes,3.075075,1.722042,35,0.603
dish_1566502573,chickpeas,86.161552,23.26361904,10,2.326
dish_1566502573,white rice,14.892601,4.16992828,70,2.919
dish_1566502573,corn on the cob,55,12.1,48,5.808
dish_1566587182,avocado,88,7.92,10,0.792
dish_1566587182,mixed greens,101.060074,5.356183922,15,0.803
dish_1566587182,millet,20.801426,4.929937962,70,3.451
dish_1566587714,brown rice,10.963019,2.52149437,50,1.261
dish_1566587714,kale,98.5,8.865,15,1.33
dish_1566587714,millet,14.674978,3.477969786,70,2.435
dish_1566588016,brown rice,33.63995,7.7371885,50,3.869
dish_1566588016,carrot,147.874298,14.7874298,30,4.436
dish_1566588066,brown rice,33.63995,7.7371885,50,3.869
dish_1566588066,carrot,147.874298,14.7874298,30,4.436
dish_1566588066,pineapple,188,24.44,66,16.13
dish_1566590007,millet,28.495104,6.753339648,70,4.727
dish_1566590007,pizza,135,44.55,80,35.64
dish_1566590056,figs,6.684636,4.3450134,35,1.521
dish_1566590056,millet,28.495104,6.753339648,70,4.727
dish_1566590056,pizza,135,44.55,80,35.64
dish_1566590566,carrot,50.277264,5.0277264,30,1.508
dish_1566590566,brown rice,13.666229,3.14323267,50,1.572
dish_1566590987,brown rice,34.240662,7.87535226,50,3.938
dish_1566591048,chicken salad,97,2.813,25,0.703
dish_1566591048,brown rice,34.240662,7.87535226,50,3.938
dish_1566591080,chicken salad,97,2.813,25,0.703
dish_1566591080,carrot,67.036354,6.7036354,30,2.011
dish_1566591080,brown rice,34.240662,7.87535226,50,3.938
dish_1566835641,sweet potato,64.390244,11.59024392,70,8.113
dish_1566838286,pineapple,145,18.85,66,12.441
dish_1566838317,pineapple,145,18.85,66,12.441
dish_1566838351,berries,133,18.62,35,6.517
dish_1566838351,watermelon,139,10.564,75,7.923
dish_1566838351,pineapple,145,18.85,66,12.441
dish_1566838378,berries,133,18.62,35,6.517
dish_1566838378,watermelon,139,10.564,75,7.923
dish_1566838378,pineapple,145,18.85,66,12.441
dish_1566838407,berries,133,18.62,35,6.517
dish_1566838407,watermelon,139,10.564,75,7.923
dish_1566838407,sweet potato,74.146347,13.34634246,70,9.342
dish_1566838407,pineapple,145,18.85,66,12.441
dish_1566844803,pepperoni pizza,63,20.16,80,16.128
dish_1566844850,wheat berry,11.45631,2.18815521,30,0.656
dish_1566844850,pepperoni pizza,63,20.16,80,16.128
dish_1566847043,wheat berry,16.310678,3.115339498,30,0.935
dish_1566847043,squash,310.727478,10.56473425,15,1.585
dish_1566847483,wheat berry,11.650485,2.225242635,30,0.668
dish_1566847483,quinoa,76.677315,16.10223615,35,5.636
dish_1566849955,olives,67,4.221,15,0.633
dish_1566849955,onions,48,4.32,15,0.648
dish_1566849955,cherry tomatoes,87,3.393,30,1.018
dish_1566849955,carrot,86,8.6,30,2.58
dish_1566849987,olives,67,4.221,15,0.633
dish_1566849987,onions,48,4.32,15,0.648
dish_1566849987,cherry tomatoes,87,3.393,30,1.018
dish_1566849987,carrot,86,8.6,30,2.58
dish_1566851115,sun dried tomatoes,3.363364,1.88348384,35,0.659
dish_1566851155,sun dried tomatoes,3.363364,1.88348384,35,0.659
dish_1566851155,quinoa,161.874344,33.99361224,35,11.898
dish_1566851222,sun dried tomatoes,3.363364,1.88348384,35,0.659
dish_1566851222,pizza,33,10.89,80,8.712
dish_1566851222,quinoa,161.874344,33.99361224,35,11.898
dish_1566851549,cheese pizza,85,28.475,80,22.78
dish_1566851584,cheese pizza,85,28.475,80,22.78
dish_1566851616,cheese pizza,85,28.475,80,22.78
dish_1566851677,quinoa,40.894569,8.58785949,35,3.006
dish_1566851677,cheese pizza,85,28.475,80,22.78
dish_1566851704,quinoa,40.894569,8.58785949,35,3.006
dish_1566851704,cheese pizza,85,28.475,80,22.78
dish_1566920339,sweet potato,156.097565,28.0975617,70,19.668
dish_1566920365,sweet potato,156.097565,28.0975617,70,19.668
dish_1566923004,pineapple,69,8.97,66,5.92
dish_1566931140,cauliflower,142,7.1,15,1.065
dish_1566931179,cauliflower,142,7.1,15,1.065
dish_1566931217,cauliflower,142,7.1,15,1.065
dish_1566931217,white beans,15.713065,3.943979315,33,1.302
dish_1566931519,mixed greens,91,4.823,15,0.723
dish_1566931519,olives,91,5.733,15,0.86
dish_1566931548,mixed greens,91,4.823,15,0.723
dish_1566931548,broccoli,71,4.97,15,0.745
dish_1566931548,olives,91,5.733,15,0.86
dish_1566931586,mixed greens,91,4.823,15,0.723
dish_1566931586,broccoli,71,4.97,15,0.745
dish_1566931586,olives,91,5.733,15,0.86
dish_1566931620,avocado,72,6.48,10,0.648
dish_1566931620,mixed greens,91,4.823,15,0.723
dish_1566931620,broccoli,71,4.97,15,0.745
dish_1566931620,olives,91,5.733,15,0.86
dish_1566933226,brown rice,8.101266,1.86329118,50,0.932
dish_1566933226,couscous,75,17.25,60,10.35
dish_1566934120,brown rice,8.560165,1.96883795,50,0.984
dish_1566934152,brown rice,8.560165,1.96883795,50,0.984
dish_1566934401,white beans,42.493595,10.66589235,33,3.52
dish_1566934401,cheese pizza,33,11.055,80,8.844
dish_1566934430,white beans,42.493595,10.66589235,33,3.52
dish_1566934430,cookies,17,11.05,70,7.735
dish_1566934430,cheese pizza,33,11.055,80,8.844
dish_1566934487,white beans,42.493595,10.66589235,33,3.52
dish_1566934487,cookies,17,11.05,70,7.735
dish_1566934487,cheese pizza,33,11.055,80,8.844
dish_1566936266,quinoa,11.23077,2.3584617,35,0.825
dish_1566936323,quinoa,11.23077,2.3584617,35,0.825
dish_1566936323,white beans,16.396242,4.115456742,33,1.358
dish_1566936352,quinoa,11.23077,2.3584617,35,0.825
dish_1566936352,white beans,16.396242,4.115456742,33,1.358
dish_1566936352,couscous,50,11.5,60,6.9
dish_1566937992,cheese pizza,104,34.84,80,27.872
dish_1566938059,quinoa,8.846154,1.85769234,35,0.65
dish_1566938059,cheese pizza,104,34.84,80,27.872
dish_1566938088,quinoa,8.846154,1.85769234,35,0.65
dish_1566938088,cauliflower,125,6.25,15,0.938
dish_1566938088,cheese pizza,104,34.84,80,27.872
dish_1567007783,cantaloupe,42,3.36,65,2.184
dish_1567007783,berries,45,6.3,35,2.205
dish_1567007814,cantaloupe,42,3.36,65,2.184
dish_1567007814,berries,45,6.3,35,2.205
dish_1567007814,pineapple,46,5.98,66,3.947
dish_1567007848,cantaloupe,42,3.36,65,2.184
dish_1567007848,berries,45,6.3,35,2.205
dish_1567007848,pineapple,46,5.98,66,3.947
dish_1567007848,watermelon,91,6.916,75,5.187
dish_1567020054,wheat berry,12.626041,2.411573831,30,0.723
dish_1567020054,brussels sprouts,54.120541,4.87084869,15,0.731
dish_1567020091,wheat berry,12.626041,2.411573831,30,0.723
dish_1567020091,brussels sprouts,54.120541,4.87084869,15,0.731
dish_1567020394,broccoli,163.902435,11.47317045,15,1.721
dish_1567021864,wheat berry,21.323982,4.072880562,30,1.222
dish_1567021864,pizza,34,11.22,80,8.976
dish_1567022147,bell peppers,54,4.86,15,0.729
dish_1567022147,cherry tomatoes,74,2.886,30,0.866
dish_1567023184,kale,47.706718,4.29360462,15,0.644
dish_1567024066,cheese pizza,86,28.81,80,23.048
dish_1567024135,roasted potatoes,31,5.58,59,3.292
dish_1567024135,cheese pizza,86,28.81,80,23.048
dish_1567024187,roasted potatoes,31,5.58,59,3.292
dish_1567024187,cheese pizza,86,28.81,80,23.048
dish_1567024224,cauliflower,80,4,15,0.6
dish_1567024224,roasted potatoes,31,5.58,59,3.292
dish_1567024224,cheese pizza,86,28.81,80,23.048
dish_1567024252,cauliflower,80,4,15,0.6
dish_1567024252,greek salad,139,6.533,15,0.98
dish_1567024252,roasted potatoes,31,5.58,59,3.292
dish_1567024252,cheese pizza,86,28.81,80,23.048
dish_1567110756,pizza,42,13.86,80,11.088
dish_1567110811,millet,17.104677,4.053808449,70,2.838
dish_1567110811,pizza,42,13.86,80,11.088
dish_1567526814,watermelon,100,7.6,75,5.7
dish_1567526814,sweet potato,50,9,70,6.3
dish_1567526814,yam,50,14.7,70,10.29
dish_1567526845,berries,70,9.8,35,3.43
dish_1567526845,watermelon,100,7.6,75,5.7
dish_1567526845,sweet potato,50,9,70,6.3
dish_1567526845,yam,50,14.7,70,10.29
dish_1567537252,broccoli,61.206676,4.28446732,15,0.643
dish_1567537252,carrot,64.078865,6.4078865,30,1.922
dish_1567537252,white rice,18.998716,5.31964048,70,3.724
dish_1567537280,broccoli,61.206676,4.28446732,15,0.643
dish_1567537280,carrot,64.078865,6.4078865,30,1.922
dish_1567537280,white rice,18.998716,5.31964048,70,3.724
dish_1567537280,cheese pizza,101,33.835,80,27.068
dish_1567537422,broccoli,64.390244,4.50731708,15,0.676
dish_1567537422,cantaloupe,64,5.12,65,3.328
dish_1567542778,cheese pizza,98,32.83,80,26.264
dish_1567542876,white rice,25.677708,7.18975824,70,5.033
dish_1567542876,cheese pizza,98,32.83,80,26.264
dish_1567542986,carrot,36.475662,3.6475662,30,1.094
dish_1567542986,white rice,25.677708,7.18975824,70,5.033
dish_1567542986,pineapple,61.596577,8.00755501,66,5.285
dish_1567542986,cheese pizza,98,32.83,80,26.264
dish_1567612986,sweet potato,151.219513,27.21951234,70,19.054
dish_1567613019,watermelon,121,9.196,75,6.897
dish_1567613019,sweet potato,151.219513,27.21951234,70,19.054
dish_1567629081,cheese pizza,90,30.15,80,24.12
dish_1567629106,cheese pizza,90,30.15,80,24.12
dish_1567629129,cheese pizza,90,30.15,80,24.12
dish_1567711272,pizza,71,23.43,80,18.744
dish_1567785223,granola,9.516129,6.156935463,56,3.448
dish_1567785654,berries,54,7.56,35,2.646
dish_1567785654,pineapple,42,5.46,66,3.604
dish_1567785709,berries,54,7.56,35,2.646
dish_1567785709,pineapple,42,5.46,66,3.604
dish_1567801716,cheese pizza,38,12.73,80,10.184
dish_1568044581,watermelon,118,8.968,75,6.726
dish_1568044581,sweet potato,112.195122,20.19512196,70,14.137
dish_1568061097,cheese pizza,55,18.425,80,14.74
dish_1568061145,squash,139.08754,4.72897636,15,0.709
dish_1568061145,cheese pizza,55,18.425,80,14.74
dish_1568141871,cheese pizza,110,36.85,80,29.48
dish_1568143527,cheese pizza,45,15.075,80,12.06
dish_1568314857,avocado,90,8.1,10,0.81
dish_1568314857,millet,7.330576,1.737346512,70,1.216
dish_1568314951,avocado,90,8.1,10,0.81
dish_1568314951,tomatoes,44,2.992,30,0.898
dish_1568314951,millet,7.330576,1.737346512,70,1.216
dish_1568314951,brown rice,17.262012,3.97026276,50,1.985
dish_1568319769,pizza,92,30.36,80,24.288
dish_1568320296,cheese pizza,85,28.475,80,22.78
dish_1568401199,tuna salad,228,20.976,15,3.146
dish_1568401233,carrot,75,7.5,30,2.25
dish_1568401233,tuna salad,228,20.976,15,3.146
dish_1568404850,fried rice,100,29.9,80,23.92
dish_1568405466,rice noodles,18.120481,4.53012025,58,2.627
dish_1568405466,pineapple,68,8.84,66,5.834
dish_1568649354,berries,78,10.92,35,3.822
dish_1568649387,sweet potato,29.71698,5.3490564,70,3.744
dish_1568649387,berries,78,10.92,35,3.822
dish_1568649387,yam,29.71698,8.73679212,70,6.116
dish_1568660810,pepperoni pizza,47,15.04,80,12.032
dish_1568660810,pepperoni pizza,47,15.04,80,12.032
dish_1568665935,cheese pizza,58,19.43,80,15.544
dish_1568665970,cheese pizza,58,19.43,80,15.544
dish_1571931648,roasted potatoes,66,11.88,59,7.009
dish_1571934465,strawberries,232,18.56,25,4.64
dish_1572291695,millet,15.387356,3.646803372,70,2.553
